,DockQ_F1,DockQ,F1,irms,Lrms,fnat,nat_correct,nat_total,fnonnat,nonnat_count,model_total,clashes,len1,len2,class1,class2,chain1,chain2,model,pdb,receptor,uniprot_id,class,family,resolution,type,state,ligand_name,ligand_chain,ligand_pdb_seq,receptor_chain,receptor_pdb_seq,publication,publication_date,ligand_gtp_seq,receptor_gtp_seq,peptide_gtp_id,classifier_id,classifier_rank
0,0.2291112072024803,0.2145109271154746,0.3535353535353535,5.539635980205726,14.13828734355761,0.3097345132743362,35,113,0.5882352941176471,50,85,4,305,69,receptor,ligand,A,B,RF-AA (no templates),7SK4,ackr3_human,P25106,Class A (Rhodopsin),Chemokine receptors,3.3,Electron microscopy,Active,Stromal cell-derived factor 1,B,LRHQSLSYRCPCRFFESHVARANVKHLKILNTPNCALQIVARLKNNNRQVCIDPKLKWIQEYLEKALNK,A,GAPDLHLFDYSEPGNFSDISWPCNSSDCIVVDTVMCPNMPNKSVLLYTLSFIYIFIFVIGMIANSVVVWVNIQAKTTGYDTHCYILNLAIADLWVVLTIPVWVVSLVQHNQWPMGELTCKVTHLIFSINLFGSIFFLTCMSVDRYLSITYFTNTPSSRKKMVRRVVCILVWLLAFCVSLPDTYYLKTVTSASNNETYCRSFYPEHSIKEWLIGMELVSVVLGFAVPFSIIAVFYFLLARAISASSDQEKHSSRKIIFSYVVVFLVCWLPYHVAVLLDIFSILHYIPFTCRLEHALFTALHVTQCLSLVHCCVNPVLYSFINRNYRYELMKAFIFKYSAKTGLTKLIDASRVSETEYSALEQSTKGRPLEVLFQGPHHHHHHHHHHDYKDDDDK,https://dx.doi.org/10.1126/SCIADV.ABN8063,2022-07-27,KPVSLSYRCPCRFFESHVARANVKHLKILNTPNCALQIVARLKNNNRQVCIDPKLKWIQEYLEKALNK,MDLHLFDYSEPGNFSDISWPCNSSDCIVVDTVMCPNMPNKSVLLYTLSFIYIFIFVIGMIANSVVVWVNIQAKTTGYDTHCYILNLAIADLWVVLTIPVWVVSLVQHNQWPMGELTCKVTHLIFSINLFGSIFFLTCMSVDRYLSITYFTNTPSSRKKMVRRVVCILVWLLAFCVSLPDTYYLKTVTSASNNETYCRSFYPEHSIKEWLIGMELVSVVLGFAVPFSIIAVFYFLLARAISASSDQEKHSSRKIIFSYVVVFLVCWLPYHVAVLLDIFSILHYIPFTCRLEHALFTALHVTQCLSLVHCCVNPVLYSFINRNYRYELMKAFIFKYSAKTGLTKLIDASRVSETEYSALEQSTK,4358,ackr3_human___4358,5
1,0.6883993661589264,0.686424018497738,0.6696428571428571,1.592474412503211,2.412816283640779,0.6637168141592921,75,113,0.3243243243243243,36,111,0,305,69,receptor,ligand,A,B,AF2 (no templates),7SK4,ackr3_human,P25106,Class A (Rhodopsin),Chemokine receptors,3.3,Electron microscopy,Active,Stromal cell-derived factor 1,B,LRHQSLSYRCPCRFFESHVARANVKHLKILNTPNCALQIVARLKNNNRQVCIDPKLKWIQEYLEKALNK,A,GAPDLHLFDYSEPGNFSDISWPCNSSDCIVVDTVMCPNMPNKSVLLYTLSFIYIFIFVIGMIANSVVVWVNIQAKTTGYDTHCYILNLAIADLWVVLTIPVWVVSLVQHNQWPMGELTCKVTHLIFSINLFGSIFFLTCMSVDRYLSITYFTNTPSSRKKMVRRVVCILVWLLAFCVSLPDTYYLKTVTSASNNETYCRSFYPEHSIKEWLIGMELVSVVLGFAVPFSIIAVFYFLLARAISASSDQEKHSSRKIIFSYVVVFLVCWLPYHVAVLLDIFSILHYIPFTCRLEHALFTALHVTQCLSLVHCCVNPVLYSFINRNYRYELMKAFIFKYSAKTGLTKLIDASRVSETEYSALEQSTKGRPLEVLFQGPHHHHHHHHHHDYKDDDDK,https://dx.doi.org/10.1126/SCIADV.ABN8063,2022-07-27,KPVSLSYRCPCRFFESHVARANVKHLKILNTPNCALQIVARLKNNNRQVCIDPKLKWIQEYLEKALNK,MDLHLFDYSEPGNFSDISWPCNSSDCIVVDTVMCPNMPNKSVLLYTLSFIYIFIFVIGMIANSVVVWVNIQAKTTGYDTHCYILNLAIADLWVVLTIPVWVVSLVQHNQWPMGELTCKVTHLIFSINLFGSIFFLTCMSVDRYLSITYFTNTPSSRKKMVRRVVCILVWLLAFCVSLPDTYYLKTVTSASNNETYCRSFYPEHSIKEWLIGMELVSVVLGFAVPFSIIAVFYFLLARAISASSDQEKHSSRKIIFSYVVVFLVCWLPYHVAVLLDIFSILHYIPFTCRLEHALFTALHVTQCLSLVHCCVNPVLYSFINRNYRYELMKAFIFKYSAKTGLTKLIDASRVSETEYSALEQSTK,4358,ackr3_human___4358,1
2,0.3927136461096094,0.3543769321136662,0.3620689655172414,2.8247953016497047,6.996470030574427,0.2470588235294117,21,85,0.3225806451612903,10,31,3,274,18,receptor,ligand,A,B,RF-AA (no templates),8GY7,acthr_human,Q01718,Class A (Rhodopsin),Melanocortin receptors,3.3,Electron microscopy,Active,ACTH,M,SYSMEHFRWGKPVGKKRR,R,MKTIIALSYIFCLVFAHHHHHHHHHHADLEDNWETLNDNLKVIEKADNAAQVKDALTKMRAAALDAQKATPPKLEDKSPDSPEMKDFRHGFDILVGQIDDALKLANEGKVKEAQAAAEQLKTTRNAYIQKYLKHIINSYENINNTARNNSDCPRVVLPEEIFFTISIVGVLENLIVLLAVFKNKNLQAPMYFFICSLAISDMLGSLYKILENILIILRNMGYLKPRGSFETTADDIIDSLFVLSLLGSIFSLSVIAADRYITIFHALRYHSIVTMRRTVVVLTVIWTFCTGTGITMVIFSHHVPTVITFTSLFPLMLVFILCLYVHMFLLARSHTRKISTLPRANMKGAITLTILLGVFIFCWAPFVLHVLLMTFCPSNPYCACYMSLFQVNGMLIMCNAVIDPFIYAFRSPELRDAFKKMIFCSRYWGSSGGGGSGGGGSSGVFTLEDFVGDWEQTAAYNLDQVLEQGGVSSLLQNLAVSVTPIQRIVRSGENALKIDIHVIIPYEGLSADQMAQIEEVFKVVYPVDDHHFKVILPYGTLVIDGVTPNMLNYFGRPYEGIAVFDGKKITVTGTLWNGNKIIDERLITPDGSMLFRVTINS,https://dx.doi.org/10.1038/S41422-022-00751-6,2023-01-11,SYSMEHFRWGKPVGKKRRPVKVYPNGAEDESAEAFPLEF,MKHIINSYENINNTARNNSDCPRVVLPEEIFFTISIVGVLENLIVLLAVFKNKNLQAPMYFFICSLAISDMLGSLYKILENILIILRNMGYLKPRGSFETTADDIIDSLFVLSLLGSIFSLSVIAADRYITIFHALRYHSIVTMRRTVVVLTVIWTFCTGTGITMVIFSHHVPTVITFTSLFPLMLVFILCLYVHMFLLARSHTRKISTLPRANMKGAITLTILLGVFIFCWAPFVLHVLLMTFCPSNPYCACYMSLFQVNGMLIMCNAVIDPFIYAFRSPELRDAFKKMIFCSRYW,3633,acthr_human___3633,7
3,0.4223620103519528,0.3923534852027627,0.4782608695652174,3.02306844804424,7.067220545001369,0.388235294117647,33,85,0.3773584905660377,20,53,0,274,18,receptor,ligand,A,B,AF2 (no templates),8GY7,acthr_human,Q01718,Class A (Rhodopsin),Melanocortin receptors,3.3,Electron microscopy,Active,ACTH,M,SYSMEHFRWGKPVGKKRR,R,MKTIIALSYIFCLVFAHHHHHHHHHHADLEDNWETLNDNLKVIEKADNAAQVKDALTKMRAAALDAQKATPPKLEDKSPDSPEMKDFRHGFDILVGQIDDALKLANEGKVKEAQAAAEQLKTTRNAYIQKYLKHIINSYENINNTARNNSDCPRVVLPEEIFFTISIVGVLENLIVLLAVFKNKNLQAPMYFFICSLAISDMLGSLYKILENILIILRNMGYLKPRGSFETTADDIIDSLFVLSLLGSIFSLSVIAADRYITIFHALRYHSIVTMRRTVVVLTVIWTFCTGTGITMVIFSHHVPTVITFTSLFPLMLVFILCLYVHMFLLARSHTRKISTLPRANMKGAITLTILLGVFIFCWAPFVLHVLLMTFCPSNPYCACYMSLFQVNGMLIMCNAVIDPFIYAFRSPELRDAFKKMIFCSRYWGSSGGGGSGGGGSSGVFTLEDFVGDWEQTAAYNLDQVLEQGGVSSLLQNLAVSVTPIQRIVRSGENALKIDIHVIIPYEGLSADQMAQIEEVFKVVYPVDDHHFKVILPYGTLVIDGVTPNMLNYFGRPYEGIAVFDGKKITVTGTLWNGNKIIDERLITPDGSMLFRVTINS,https://dx.doi.org/10.1038/S41422-022-00751-6,2023-01-11,SYSMEHFRWGKPVGKKRRPVKVYPNGAEDESAEAFPLEF,MKHIINSYENINNTARNNSDCPRVVLPEEIFFTISIVGVLENLIVLLAVFKNKNLQAPMYFFICSLAISDMLGSLYKILENILIILRNMGYLKPRGSFETTADDIIDSLFVLSLLGSIFSLSVIAADRYITIFHALRYHSIVTMRRTVVVLTVIWTFCTGTGITMVIFSHHVPTVITFTSLFPLMLVFILCLYVHMFLLARSHTRKISTLPRANMKGAITLTILLGVFIFCWAPFVLHVLLMTFCPSNPYCACYMSLFQVNGMLIMCNAVIDPFIYAFRSPELRDAFKKMIFCSRYW,3633,acthr_human___3633,8
4,0.0204031884708346,0.0204031884708346,0.0,15.417161318429848,36.3548041028558,0.0,0,64,1.0,655,655,156,284,73,receptor,ligand,A,B,RF-AA (no templates),8HK2,c3ar_human,Q16581,Class A (Rhodopsin),Complement peptide receptors,2.9,Electron microscopy,Active,C3a anaphylatoxin,D,SVQLTEKRMDKVGKYPKELRKCCEDGMRENPMRFSCQRRTRFISLGEACKKVFLDCCNYITELRRQHARASHLGLAR,A,MASFSAETNSTDLLSQPWNEPPVILSMVILSLTFLLGLPGNGLVLWVAGLKMQRTVNTIWFLHLTLADLLCCLSLPFSLAHLALQGQWPYGRFLCKLIPSIIVLNMFASVFLLTAISLDRCLVVFKPIWCQNHRNVGMACSICGCIWVVAFVMCIPVFVYREIFTTDNHNRCGYKFGLSSSLDYPDFYGDPLENRSLENIVQPPGEMNDRLDPSSFQTNDHPWTVPTVFQPQTFQRPSADSLPRGSARLTSQNLYSNVFKPADVVSPKIPSGFPIEDHETSPLDNSDAFLSTHLKLFPSASSNSFYESELPQGFQDYYNLGQFTDDDQVPTPLVAITITRLVVGFLLPSVIMIACYSFIVFRMQRGRFAKSQSKTFRVAVVVVAVFLVCWTPYHIFGVLSLLTDPETPLGKTLMSWDHVCIALASANSCFNPFLYALLGKDFRKKARQSIQGILEAAFSEELTRSTHCPSNNVISE,https://dx.doi.org/10.1038/S41589-023-01339-W,2023-05-10,SVQLTEKRMDKVGKYPKELRKCCEDGMRENPMRFSCQRRTRFISLGEACKKVFLDCCNYITELRRQHARASHLGLAR,MASFSAETNSTDLLSQPWNEPPVILSMVILSLTFLLGLPGNGLVLWVAGLKMQRTVNTIWFLHLTLADLLCCLSLPFSLAHLALQGQWPYGRFLCKLIPSIIVLNMFASVFLLTAISLDRCLVVFKPIWCQNHRNVGMACSICGCIWVVAFVMCIPVFVYREIFTTDNHNRCGYKFGLSSSLDYPDFYGDPLENRSLENIVQPPGEMNDRLDPSSFQTNDHPWTVPTVFQPQTFQRPSADSLPRGSARLTSQNLYSNVFKPADVVSPKIPSGFPIEDHETSPLDNSDAFLSTHLKLFPSASSNSFYESELPQGFQDYYNLGQFTDDDQVPTPLVAITITRLVVGFLLPSVIMIACYSFIVFRMQRGRFAKSQSKTFRVAVVVVAVFLVCWTPYHIFGVLSLLTDPETPLGKTLMSWDHVCIALASANSCFNPFLYALLGKDFRKKARQSIQGILEAAFSEELTRSTHCPSNNVISERNSTTV,3640,c3ar_human___3640,10
5,0.6893628297474766,0.7177193112289583,0.6805555555555556,1.6171702016989495,2.419157008523723,0.765625,49,64,0.3875,31,80,0,284,73,receptor,ligand,A,B,AF2 (no templates),8HK2,c3ar_human,Q16581,Class A (Rhodopsin),Complement peptide receptors,2.9,Electron microscopy,Active,C3a anaphylatoxin,D,SVQLTEKRMDKVGKYPKELRKCCEDGMRENPMRFSCQRRTRFISLGEACKKVFLDCCNYITELRRQHARASHLGLAR,A,MASFSAETNSTDLLSQPWNEPPVILSMVILSLTFLLGLPGNGLVLWVAGLKMQRTVNTIWFLHLTLADLLCCLSLPFSLAHLALQGQWPYGRFLCKLIPSIIVLNMFASVFLLTAISLDRCLVVFKPIWCQNHRNVGMACSICGCIWVVAFVMCIPVFVYREIFTTDNHNRCGYKFGLSSSLDYPDFYGDPLENRSLENIVQPPGEMNDRLDPSSFQTNDHPWTVPTVFQPQTFQRPSADSLPRGSARLTSQNLYSNVFKPADVVSPKIPSGFPIEDHETSPLDNSDAFLSTHLKLFPSASSNSFYESELPQGFQDYYNLGQFTDDDQVPTPLVAITITRLVVGFLLPSVIMIACYSFIVFRMQRGRFAKSQSKTFRVAVVVVAVFLVCWTPYHIFGVLSLLTDPETPLGKTLMSWDHVCIALASANSCFNPFLYALLGKDFRKKARQSIQGILEAAFSEELTRSTHCPSNNVISE,https://dx.doi.org/10.1038/S41589-023-01339-W,2023-05-10,SVQLTEKRMDKVGKYPKELRKCCEDGMRENPMRFSCQRRTRFISLGEACKKVFLDCCNYITELRRQHARASHLGLAR,MASFSAETNSTDLLSQPWNEPPVILSMVILSLTFLLGLPGNGLVLWVAGLKMQRTVNTIWFLHLTLADLLCCLSLPFSLAHLALQGQWPYGRFLCKLIPSIIVLNMFASVFLLTAISLDRCLVVFKPIWCQNHRNVGMACSICGCIWVVAFVMCIPVFVYREIFTTDNHNRCGYKFGLSSSLDYPDFYGDPLENRSLENIVQPPGEMNDRLDPSSFQTNDHPWTVPTVFQPQTFQRPSADSLPRGSARLTSQNLYSNVFKPADVVSPKIPSGFPIEDHETSPLDNSDAFLSTHLKLFPSASSNSFYESELPQGFQDYYNLGQFTDDDQVPTPLVAITITRLVVGFLLPSVIMIACYSFIVFRMQRGRFAKSQSKTFRVAVVVVAVFLVCWTPYHIFGVLSLLTDPETPLGKTLMSWDHVCIALASANSCFNPFLYALLGKDFRKKARQSIQGILEAAFSEELTRSTHCPSNNVISERNSTTV,3640,c3ar_human___3640,1
6,0.5167419170462757,0.5158473026250913,0.4347826086956521,2.0766339671084117,4.6116889514731225,0.4320987654320987,35,81,0.5625,45,80,6,295,69,receptor,ligand,A,B,RF-AA (no templates),7XA3,ccr2_human,P41597,Class A (Rhodopsin),Chemokine receptors,2.9,Electron microscopy,Active,C-C motif chemokine 2,L,QPDAINAPVTCCYNFTNRKISVQRLASYRRITSSKCPKEAVIFKTIVAKEICADPKQKWVQDSMDHLDK,R,MLSTSRSRFIRNTNESGEEVTTFFDYDYGAPCHKFDVKQIGAQLLPPLYSLVFIFGFVGNMLVVLILINCKKLKCLTDIYLLNLAISDLLFLITLPLWAHSAANEWVFGNAMCKLFTGLYHIGYFGGIFFIILLTIDRYLAIVHAVFALKARTVTFGVVTSVITWLVAVFASVPGIIFTKCQKEDSVYVCGPYFPRGWNNFHTIMRNILGLVLPLLIMVICYSGILKTLLRCRNEKKRHRAVRVIFTIMIVYFLFWTPYNIVILLNTFQEFFGLSNCESTSQLDQATQVTETLGMTHCCINPIIYAFVGEKFRRYLSVFFRKHITKRFCKQCPVFYRETVDGVTSTNTPSTGEQEVSAGL,https://dx.doi.org/10.1038/S41421-022-00403-4,2022-08-24,QPDAINAPVTCCYNFTNRKISVQRLASYRRITSSKCPKEAVIFKTIVAKEICADPKQKWVQDSMDHLDKQTQTPKT,MLSTSRSRFIRNTNESGEEVTTFFDYDYGAPCHKFDVKQIGAQLLPPLYSLVFIFGFVGNMLVVLILINCKKLKCLTDIYLLNLAISDLLFLITLPLWAHSAANEWVFGNAMCKLFTGLYHIGYFGGIFFIILLTIDRYLAIVHAVFALKARTVTFGVVTSVITWLVAVFASVPGIIFTKCQKEDSVYVCGPYFPRGWNNFHTIMRNILGLVLPLLIMVICYSGILKTLLRCRNEKKRHRAVRVIFTIMIVYFLFWTPYNIVILLNTFQEFFGLSNCESTSQLDQATQVTETLGMTHCCINPIIYAFVGEKFRSLFHIALGCRIAPLQKPVCGGPGVRPGKNVKVTTQGLLDGRGKGKSIGRAPEASLQDKEGA,771,ccr2_human___771,8
7,0.7265126189040174,0.750792454294964,0.6555555555555556,1.2924040143695368,1.949051869821351,0.7283950617283951,59,81,0.404040404040404,40,99,0,295,69,receptor,ligand,A,B,AF2 (no templates),7XA3,ccr2_human,P41597,Class A (Rhodopsin),Chemokine receptors,2.9,Electron microscopy,Active,C-C motif chemokine 2,L,QPDAINAPVTCCYNFTNRKISVQRLASYRRITSSKCPKEAVIFKTIVAKEICADPKQKWVQDSMDHLDK,R,MLSTSRSRFIRNTNESGEEVTTFFDYDYGAPCHKFDVKQIGAQLLPPLYSLVFIFGFVGNMLVVLILINCKKLKCLTDIYLLNLAISDLLFLITLPLWAHSAANEWVFGNAMCKLFTGLYHIGYFGGIFFIILLTIDRYLAIVHAVFALKARTVTFGVVTSVITWLVAVFASVPGIIFTKCQKEDSVYVCGPYFPRGWNNFHTIMRNILGLVLPLLIMVICYSGILKTLLRCRNEKKRHRAVRVIFTIMIVYFLFWTPYNIVILLNTFQEFFGLSNCESTSQLDQATQVTETLGMTHCCINPIIYAFVGEKFRRYLSVFFRKHITKRFCKQCPVFYRETVDGVTSTNTPSTGEQEVSAGL,https://dx.doi.org/10.1038/S41421-022-00403-4,2022-08-24,QPDAINAPVTCCYNFTNRKISVQRLASYRRITSSKCPKEAVIFKTIVAKEICADPKQKWVQDSMDHLDKQTQTPKT,MLSTSRSRFIRNTNESGEEVTTFFDYDYGAPCHKFDVKQIGAQLLPPLYSLVFIFGFVGNMLVVLILINCKKLKCLTDIYLLNLAISDLLFLITLPLWAHSAANEWVFGNAMCKLFTGLYHIGYFGGIFFIILLTIDRYLAIVHAVFALKARTVTFGVVTSVITWLVAVFASVPGIIFTKCQKEDSVYVCGPYFPRGWNNFHTIMRNILGLVLPLLIMVICYSGILKTLLRCRNEKKRHRAVRVIFTIMIVYFLFWTPYNIVILLNTFQEFFGLSNCESTSQLDQATQVTETLGMTHCCINPIIYAFVGEKFRSLFHIALGCRIAPLQKPVCGGPGVRPGKNVKVTTQGLLDGRGKGKSIGRAPEASLQDKEGA,771,ccr2_human___771,1
8,0.6603170160871668,0.6926317333333908,0.6153846153846154,1.7191673902634956,2.2717023803794176,0.7123287671232876,52,73,0.4583333333333333,44,96,0,302,69,receptor,ligand,A,B,AF2 (no templates),8IC0,cxcr1_human,P25024,Class A (Rhodopsin),Chemokine receptors,3.41,Electron microscopy,Active,Interleukin-8,F,SAKELRCQCIKTYSKPFHPKFIKELRVIESGPHCANTEIIVKLSDGRELCLDPKENWVQRVVEKFLKRAENS,A,MSNITDPQMWDFDDLNFTGMPPADEDYSPCMLETETLNKYVVIIAYALVFLLSLLGNSLVMLVILYSRVGRSVTDVYLLNLALADLLFALTLPIWAASKVNGWIFGTFLCKVVSLLKEVNFYSGILLLACISVDRYLAIVHATRTLTQKRHLVKFVCLGCWGLSMNLSLPFFLFRQAYHPNNSSPVCYEVLGNDTAKWRMVLRILPHTFGFIVPLFVMLFCYGFTLRTLFKAHMGQKHRAMRVIFAVVLIFLLCWLPYNLVLLADTLMRTQVIQESCERRNNIGRALDATEILGFLHSCLNPIIYAFIGQNFRHGFLKILAMHGLVSKEFLARHRVTSYTSSSVNVSSNLHHHHHHHH,https://dx.doi.org/10.1038/S41467-023-39799-2,2023-07-19,AVLPRSAKELRCQCIKTYSKPFHPKFIKELRVIESGPHCANTEIIVKLSDGRELCLDPKENWVQRVVEKFLKRAENS,MSNITDPQMWDFDDLNFTGMPPADEDYSPCMLETETLNKYVVIIAYALVFLLSLLGNSLVMLVILYSRVGRSVTDVYLLNLALADLLFALTLPIWAASKVNGWIFGTFLCKVVSLLKEVNFYSGILLLACISVDRYLAIVHATRTLTQKRHLVKFVCLGCWGLSMNLSLPFFLFRQAYHPNNSSPVCYEVLGNDTAKWRMVLRILPHTFGFIVPLFVMLFCYGFTLRTLFKAHMGQKHRAMRVIFAVVLIFLLCWLPYNLVLLADTLMRTQVIQESCERRNNIGRALDATEILGFLHSCLNPIIYAFIGQNFRHGFLKILAMHGLVSKEFLARHRVTSYTSSSVNVSSNL,821,cxcr1_human___821,1
9,0.0458406499899582,0.0458406499899582,0.0,8.945537270293517,24.156401359795005,0.0,0,91,1.0,72,72,15,303,21,receptor,ligand,A,B,RF-AA (no templates),8HCQ,ednra_human,P25101,Class A (Rhodopsin),Endothelin receptors,3.01,Electron microscopy,Active,ENDOTHELIN,L,CSCSSLMDKECVYFCHLDIIW,R,MDSKGSSQKGSRLLLLLVVSNLLLCQGVVSDYKDDDDVDMGQPGNGSAFLLAPNGSHAPDHDVTQQRDEENLYFQGASDNPERYSTNLSNHVDDFTTFRGTELSFLVTTHQPTNLVLPSNGSMHNYCPQQTKITSAFKYINTVISCTIFIVGMVGNATLLRIIYQNKCMRNGPNALIASLALGDLIYVVIDLPINVFKLLAGRWPFDHNDFGVFLCKLFPFLQKSSVGITVLNLCALSVDRYRAVASWSRVQGIGIPLVTAIEIVSIWILSFILAIPEAIGFVMVPFEYRGEQHKTCMLNATSKFMEFYQDVKDWWLFGFYFCMPLVCTAIFYTLMTCEMLNRRNGSLRIALSEHLKQRREVAKTVFCLVVIFALCWFPLHLSRILKKTVYNEMDKNRCELLSFLLLMDYIGINLATMNSCINPIALYFVSKKFKNCFQSCLCCCCYQSKSLMTSVPMNGTSIQVFTLEDFVGDWEQTAAYNLDQVLEQGGVSSLLQNLAVSVTPIQRIVRSGENALKIDIHVIIPYEGLSADQMAQIEEVFKVVYPVDDHHFKVILPYGTLVIDGVTPNMLNYFGRPYEGIAVFDGKKITVTGTLWNGNKIIDERLITPDGSMLFRVTINS,,2023-03-22,CSCSSLMDKECVYFCHLDIIW,METLCLRASFWLALVGCVISDNPERYSTNLSNHVDDFTTFRGTELSFLVTTHQPTNLVLPSNGSMHNYCPQQTKITSAFKYINTVISCTIFIVGMVGNATLLRIIYQNKCMRNGPNALIASLALGDLIYVVIDLPINVFKLLAGRWPFDHNDFGVFLCKLFPFLQKSSVGITVLNLCALSVDRYRAVASWSRVQGIGIPLVTAIEIVSIWILSFILAIPEAIGFVMVPFEYRGEQHKTCMLNATSKFMEFYQDVKDWWLFGFYFCMPLVCTAIFYTLMTCEMLNRRNGSLRIALSEHLKQRREVAKTVFCLVVIFALCWFPLHLSRILKKTVYNEMDKNRCELLSFLLLMDYIGINLATMNSCINPIALYFVSKKFKNCFQSCLCCCCYQSKSLMTSVPMNGTSIQWKNHDQNNHNTDRSSHKDSMN,989,ednra_human___989,5
10,0.7640221779548829,0.7880881120208171,0.73,1.26453497970152,1.289399496838619,0.8021978021978022,73,91,0.3302752293577982,36,109,0,303,21,receptor,ligand,A,B,AF2 (no templates),8HCQ,ednra_human,P25101,Class A (Rhodopsin),Endothelin receptors,3.01,Electron microscopy,Active,ENDOTHELIN,L,CSCSSLMDKECVYFCHLDIIW,R,MDSKGSSQKGSRLLLLLVVSNLLLCQGVVSDYKDDDDVDMGQPGNGSAFLLAPNGSHAPDHDVTQQRDEENLYFQGASDNPERYSTNLSNHVDDFTTFRGTELSFLVTTHQPTNLVLPSNGSMHNYCPQQTKITSAFKYINTVISCTIFIVGMVGNATLLRIIYQNKCMRNGPNALIASLALGDLIYVVIDLPINVFKLLAGRWPFDHNDFGVFLCKLFPFLQKSSVGITVLNLCALSVDRYRAVASWSRVQGIGIPLVTAIEIVSIWILSFILAIPEAIGFVMVPFEYRGEQHKTCMLNATSKFMEFYQDVKDWWLFGFYFCMPLVCTAIFYTLMTCEMLNRRNGSLRIALSEHLKQRREVAKTVFCLVVIFALCWFPLHLSRILKKTVYNEMDKNRCELLSFLLLMDYIGINLATMNSCINPIALYFVSKKFKNCFQSCLCCCCYQSKSLMTSVPMNGTSIQVFTLEDFVGDWEQTAAYNLDQVLEQGGVSSLLQNLAVSVTPIQRIVRSGENALKIDIHVIIPYEGLSADQMAQIEEVFKVVYPVDDHHFKVILPYGTLVIDGVTPNMLNYFGRPYEGIAVFDGKKITVTGTLWNGNKIIDERLITPDGSMLFRVTINS,,2023-03-22,CSCSSLMDKECVYFCHLDIIW,METLCLRASFWLALVGCVISDNPERYSTNLSNHVDDFTTFRGTELSFLVTTHQPTNLVLPSNGSMHNYCPQQTKITSAFKYINTVISCTIFIVGMVGNATLLRIIYQNKCMRNGPNALIASLALGDLIYVVIDLPINVFKLLAGRWPFDHNDFGVFLCKLFPFLQKSSVGITVLNLCALSVDRYRAVASWSRVQGIGIPLVTAIEIVSIWILSFILAIPEAIGFVMVPFEYRGEQHKTCMLNATSKFMEFYQDVKDWWLFGFYFCMPLVCTAIFYTLMTCEMLNRRNGSLRIALSEHLKQRREVAKTVFCLVVIFALCWFPLHLSRILKKTVYNEMDKNRCELLSFLLLMDYIGINLATMNSCINPIALYFVSKKFKNCFQSCLCCCCYQSKSLMTSVPMNGTSIQWKNHDQNNHNTDRSSHKDSMN,989,ednra_human___989,1
11,0.1783082086315772,0.2014018905487885,0.130718954248366,4.79969720072372,12.52795138430267,0.2,10,50,0.9029126213592232,93,103,19,289,16,receptor,ligand,A,B,RF-AA (no templates),7WQ3,galr1_human,P47211,Class A (Rhodopsin),Galanin receptors,2.7,Electron microscopy,Active,galanin,L,GWTLNSAGYLLGPHAVGNHRSFSDKNGLTS,R,MELAVGNLSEGNASWPEPPAPEPGPLFGIGVENFVTLVVFGLIFALGVLGNSLVITVLARSKPGKPRSTTNLFILNLSIADLAYLLFCIPFQATVYALPTWVLGAFICKFIHYFFTVSMLVSIFTLAAMSVDRYVAIVHSRRSSSLRVSRNALLGVGCIWALSIAMASPVAYHQGLFHPRASNQTFCWEQWPDPRHKKAYVVCTFVFGYLLPLLLICFCYAKVLNHLHKKLKNMSKKSEASKKKTAQTVLVVVVVFGISWLPHHIIHLWAEFGVFPLTPASFLFRITAHCLAYSNSSVNPIIYAFLSENFRKAYKQVFKCHIRKDSHLSDTKESKSRIDTPPSTNCTHV,https://dx.doi.org/10.1038/S41467-022-29072-3,2022-04-20,GWTLNSAGYLLGPHAVGNHRSFSDKNGLTS,MELAVGNLSEGNASWPEPPAPEPGPLFGIGVENFVTLVVFGLIFALGVLGNSLVITVLARSKPGKPRSTTNLFILNLSIADLAYLLFCIPFQATVYALPTWVLGAFICKFIHYFFTVSMLVSIFTLAAMSVDRYVAIVHSRRSSSLRVSRNALLGVGCIWALSIAMASPVAYHQGLFHPRASNQTFCWEQWPDPRHKKAYVVCTFVFGYLLPLLLICFCYAKVLNHLHKKLKNMSKKSEASKKKTAQTVLVVVVVFGISWLPHHIIHLWAEFGVFPLTPASFLFRITAHCLAYSNSSVNPIIYAFLSENFRKAYKQVFKCHIRKDSHLSDTKESKSRIDTPPSTNCTHV,3592,galr1_human___3592,6
12,0.8499692311320312,0.8712037990332657,0.7962962962962963,0.783917720013191,1.5419235939004006,0.86,43,50,0.2586206896551724,15,58,0,289,16,receptor,ligand,A,B,AF2 (no templates),7WQ3,galr1_human,P47211,Class A (Rhodopsin),Galanin receptors,2.7,Electron microscopy,Active,galanin,L,GWTLNSAGYLLGPHAVGNHRSFSDKNGLTS,R,MELAVGNLSEGNASWPEPPAPEPGPLFGIGVENFVTLVVFGLIFALGVLGNSLVITVLARSKPGKPRSTTNLFILNLSIADLAYLLFCIPFQATVYALPTWVLGAFICKFIHYFFTVSMLVSIFTLAAMSVDRYVAIVHSRRSSSLRVSRNALLGVGCIWALSIAMASPVAYHQGLFHPRASNQTFCWEQWPDPRHKKAYVVCTFVFGYLLPLLLICFCYAKVLNHLHKKLKNMSKKSEASKKKTAQTVLVVVVVFGISWLPHHIIHLWAEFGVFPLTPASFLFRITAHCLAYSNSSVNPIIYAFLSENFRKAYKQVFKCHIRKDSHLSDTKESKSRIDTPPSTNCTHV,https://dx.doi.org/10.1038/S41467-022-29072-3,2022-04-20,GWTLNSAGYLLGPHAVGNHRSFSDKNGLTS,MELAVGNLSEGNASWPEPPAPEPGPLFGIGVENFVTLVVFGLIFALGVLGNSLVITVLARSKPGKPRSTTNLFILNLSIADLAYLLFCIPFQATVYALPTWVLGAFICKFIHYFFTVSMLVSIFTLAAMSVDRYVAIVHSRRSSSLRVSRNALLGVGCIWALSIAMASPVAYHQGLFHPRASNQTFCWEQWPDPRHKKAYVVCTFVFGYLLPLLLICFCYAKVLNHLHKKLKNMSKKSEASKKKTAQTVLVVVVVFGISWLPHHIIHLWAEFGVFPLTPASFLFRITAHCLAYSNSSVNPIIYAFLSENFRKAYKQVFKCHIRKDSHLSDTKESKSRIDTPPSTNCTHV,3592,galr1_human___3592,2
13,0.0228281361544337,0.0228281361544337,0.0,13.774834737615224,34.64869325493968,0.0,0,78,0.0,0,0,0,301,12,receptor,ligand,A,B,RF-AA (no templates),7W3Z,grpr_human,P30550,Class A (Rhodopsin),Bombesin receptors,3.0,Electron microscopy,Active,Gastrin-releasing peptide,L,PRGNHWAVGHLM,A,MKTIIALSYIFCLVFADYKDDDDKHHHHHHHHHHENLYFQGKIEEGKLVIWINGDKGYNGLAEVGKKFEKDTGIKVTVEHPDKLEEKFPQVAATGDGPDIIFWAHDRFGGYAQSGLLAEITPDKAFQDKLYPFTWDAVRYNGKLIAYPIAVEALSLIYNKDLLPNPPKTWEEIPALDKELKAKGKSALMFNLQEPYFTWPLIAADGGYAFKYAAGKYDIKDVGVDNAGAKAGLTFLVDLIKNKHMNADTDYSIAEAAFNKGETAMTINGPWAWSNIDTSAVNYGVTVLPTFKGQPSKPFVGVLSAGINAASPNKELAKEFLENYLLTDEGLEAVNKDKPLGAVALKSYEEELAKDPRIAATMENAQKGEIMPNIPQMSAFWYAVRTAVINAASGRQTVDEALKDAQTHSADLPVNDDWSHPGILYVIPAVYGVIILIGLIGNITLIKIFCTVKSMRNVPNLFISSLALGDLLLLITCAPVDASRYLADRWLFGRIGCKLIPFIQLTSVGVSVFTLTALSADRYKAIVRPMDIQASHALMKACLKAAFIWIISMLLAIPEAVFSDLHPFHEESTNQTFISCAPYPHSNELHPKIHSMASFLVFYVIPLSIISVYYYFIAKNLIQSAYNLPVEGNIHVKKQIESRKRLAKTVLVFVGLFAFCWLPNHVIYLYRSYHYSEVDTSMLHFVTSICARLLAFTNSCVNPFALYLLSKSFRKQFNTQLLCCQGSSGGGGSGGGGSSGFTLEDFVGDWEQTAAYNLDQVLEQGGVSSLLQNLAVSVTPIQRIVRSGENALKIDIHVIIPYEGLSADQMAQIEEVFKVVYPVDDHHFKVILPYGTLVIDGVTPNMLNYFGRPYEGIAVFDGKKITVTGTLWNGNKIIDERLITPDGSMLFRVTINS,https://dx.doi.org/10.1073/PNAS.2216230120,2023-02-22,VPLPAGGGTVLTKMYPRGNHWAVGHLM,MALNDCFLLNLEVDHFMHCNISSHSADLPVNDDWSHPGILYVIPAVYGVIILIGLIGNITLIKIFCTVKSMRNVPNLFISSLALGDLLLLITCAPVDASRYLADRWLFGRIGCKLIPFIQLTSVGVSVFTLTALSADRYKAIVRPMDIQASHALMKICLKAAFIWIISMLLAIPEAVFSDLHPFHEESTNQTFISCAPYPHSNELHPKIHSMASFLVFYVIPLSIISVYYYFIAKNLIQSAYNLPVEGNIHVKKQIESRKRLAKTVLVFVGLFAFCWLPNHVIYLYRSYHYSEVDTSMLHFVTSICARLLAFTNSCVNPFALYLLSKSFRKQFNTQLLCCQPGLIIRSHSTGRSTTCMTSLKSTNPSVATFSLINGNICHERYV,612,grpr_human___612,5
14,0.8169192541648118,0.8308863169123625,0.8170731707317073,1.030759805539564,1.8572696445576544,0.8589743589743589,67,78,0.2209302325581395,19,86,0,301,12,receptor,ligand,A,B,AF2 (no templates),7W3Z,grpr_human,P30550,Class A (Rhodopsin),Bombesin receptors,3.0,Electron microscopy,Active,Gastrin-releasing peptide,L,PRGNHWAVGHLM,A,MKTIIALSYIFCLVFADYKDDDDKHHHHHHHHHHENLYFQGKIEEGKLVIWINGDKGYNGLAEVGKKFEKDTGIKVTVEHPDKLEEKFPQVAATGDGPDIIFWAHDRFGGYAQSGLLAEITPDKAFQDKLYPFTWDAVRYNGKLIAYPIAVEALSLIYNKDLLPNPPKTWEEIPALDKELKAKGKSALMFNLQEPYFTWPLIAADGGYAFKYAAGKYDIKDVGVDNAGAKAGLTFLVDLIKNKHMNADTDYSIAEAAFNKGETAMTINGPWAWSNIDTSAVNYGVTVLPTFKGQPSKPFVGVLSAGINAASPNKELAKEFLENYLLTDEGLEAVNKDKPLGAVALKSYEEELAKDPRIAATMENAQKGEIMPNIPQMSAFWYAVRTAVINAASGRQTVDEALKDAQTHSADLPVNDDWSHPGILYVIPAVYGVIILIGLIGNITLIKIFCTVKSMRNVPNLFISSLALGDLLLLITCAPVDASRYLADRWLFGRIGCKLIPFIQLTSVGVSVFTLTALSADRYKAIVRPMDIQASHALMKACLKAAFIWIISMLLAIPEAVFSDLHPFHEESTNQTFISCAPYPHSNELHPKIHSMASFLVFYVIPLSIISVYYYFIAKNLIQSAYNLPVEGNIHVKKQIESRKRLAKTVLVFVGLFAFCWLPNHVIYLYRSYHYSEVDTSMLHFVTSICARLLAFTNSCVNPFALYLLSKSFRKQFNTQLLCCQGSSGGGGSGGGGSSGFTLEDFVGDWEQTAAYNLDQVLEQGGVSSLLQNLAVSVTPIQRIVRSGENALKIDIHVIIPYEGLSADQMAQIEEVFKVVYPVDDHHFKVILPYGTLVIDGVTPNMLNYFGRPYEGIAVFDGKKITVTGTLWNGNKIIDERLITPDGSMLFRVTINS,https://dx.doi.org/10.1073/PNAS.2216230120,2023-02-22,VPLPAGGGTVLTKMYPRGNHWAVGHLM,MALNDCFLLNLEVDHFMHCNISSHSADLPVNDDWSHPGILYVIPAVYGVIILIGLIGNITLIKIFCTVKSMRNVPNLFISSLALGDLLLLITCAPVDASRYLADRWLFGRIGCKLIPFIQLTSVGVSVFTLTALSADRYKAIVRPMDIQASHALMKICLKAAFIWIISMLLAIPEAVFSDLHPFHEESTNQTFISCAPYPHSNELHPKIHSMASFLVFYVIPLSIISVYYYFIAKNLIQSAYNLPVEGNIHVKKQIESRKRLAKTVLVFVGLFAFCWLPNHVIYLYRSYHYSEVDTSMLHFVTSICARLLAFTNSCVNPFALYLLSKSFRKQFNTQLLCCQPGLIIRSHSTGRSTTCMTSLKSTNPSVATFSLINGNICHERYV,612,grpr_human___612,4
15,0.1517677393660502,0.1481729681242201,0.05,4.919956186720662,12.383480723870017,0.0392156862745098,2,51,0.9310344827586208,27,29,7,247,13,receptor,ligand,A,B,RF-AA (no templates),8DWG,mrgx1_human,Q96LB2,Class A (Rhodopsin),Class A orphans,2.71,Electron microscopy,Active,Proenkephalin-A,A,VGRPEWWMDYQKRYG,R,GPDPTISTLDTELTPINGTEETLCYKQTLSLTVLTCIVSLVGLTGNAVVLWLLGCRMRRNAFSIYILNLAAADFLFLSGRLIYSLLSFISIPHTISKILYPVMMFSYFAGLSFLSAVSTERCLSVLWPIWYRCHRPTHLSAVVCVLLWALSLLRSILEWMLCGFLFSGADSAWCQTSDFITVAWLIFLCVVLCGSSLVLLIRILCGSRKIPLTRLYVTILLTVLVFLLCGLPFGIQFFLFLWIHVDREVLFCHVHLVSIFLSALNSSANPIIYFFVGSFRQRQNRQNLKLVLQRALQDASEVDEGGGQLPEEILELSGSRLEQ,,2022-11-02,VGRPEWWMDYQKRYG,MDPTISTLDTELTPINGTEETLCYKQTLSLTVLTCIVSLVGLTGNAVVLWLLGCRMRRNAFSIYILNLAAADFLFLSGRLIYSLLSFISIPHTISKILYPVMMFSYFAGLSFLSAVSTERCLSVLWPIWYRCHRPTHLSAVVCVLLWALSLLRSILEWMLCGFLFSGADSAWCQTSDFITVAWLIFLCVVLCGSSLVLLIRILCGSRKIPLTRLYVTILLTVLVFLLCGLPFGIQFFLFLWIHVDREVLFCHVHLVSIFLSALNSSANPIIYFFVGSFRQRQNRQNLKLVLQRALQDASEVDEGGGQLPEEILELSGSRLEQ,4058,mrgx1_human___4058,5
16,0.1833491994380944,0.1804596225547095,0.1263157894736842,4.811476985552263,11.97184100272139,0.1176470588235294,6,51,0.8636363636363636,38,44,0,247,13,receptor,ligand,A,B,AF2 (no templates),8DWG,mrgx1_human,Q96LB2,Class A (Rhodopsin),Class A orphans,2.71,Electron microscopy,Active,Proenkephalin-A,A,VGRPEWWMDYQKRYG,R,GPDPTISTLDTELTPINGTEETLCYKQTLSLTVLTCIVSLVGLTGNAVVLWLLGCRMRRNAFSIYILNLAAADFLFLSGRLIYSLLSFISIPHTISKILYPVMMFSYFAGLSFLSAVSTERCLSVLWPIWYRCHRPTHLSAVVCVLLWALSLLRSILEWMLCGFLFSGADSAWCQTSDFITVAWLIFLCVVLCGSSLVLLIRILCGSRKIPLTRLYVTILLTVLVFLLCGLPFGIQFFLFLWIHVDREVLFCHVHLVSIFLSALNSSANPIIYFFVGSFRQRQNRQNLKLVLQRALQDASEVDEGGGQLPEEILELSGSRLEQ,,2022-11-02,VGRPEWWMDYQKRYG,MDPTISTLDTELTPINGTEETLCYKQTLSLTVLTCIVSLVGLTGNAVVLWLLGCRMRRNAFSIYILNLAAADFLFLSGRLIYSLLSFISIPHTISKILYPVMMFSYFAGLSFLSAVSTERCLSVLWPIWYRCHRPTHLSAVVCVLLWALSLLRSILEWMLCGFLFSGADSAWCQTSDFITVAWLIFLCVVLCGSSLVLLIRILCGSRKIPLTRLYVTILLTVLVFLLCGLPFGIQFFLFLWIHVDREVLFCHVHLVSIFLSALNSSANPIIYFFVGSFRQRQNRQNLKLVLQRALQDASEVDEGGGQLPEEILELSGSRLEQ,4058,mrgx1_human___4058,2
17,0.0218509391156293,0.0218509391156293,0.0,13.026151846909109,36.12241019804934,0.0,0,60,1.0,125,125,32,279,19,receptor,ligand,A,B,RF-AA (no templates),8IBV,mtlr_human,O43193,Class A (Rhodopsin),Motilin receptors,3.19,Electron microscopy,Active,motilin,C,FVPIFTYGELQRMQEKERNKGQ,R,MKTIIALSYIFCLVFADYKDDDDAKLQTMHHHHHHHHHHADLEDNWETLNDNLKVIEKADNAAQVKDALTKMRAAALDAQKATPPKLEDKSPDSPEMKDFRHGFDILVGQIDDALKLANEGKVKEAQAAAEQLKTTRNAYIQKYLASENLYFQGGTMGSPWNGSDGPEGAREPPWPALPPCDERRCSPFPLGALVPVTAVCLCLFVVGVSGNVVTVMLIGRYRDMRTTTNLYLGSMAVSDLLILLGLPFDLYRLWRSRPWVFGPLLCRLSLYVGEGCTYATLLHMTALSVERYLAICRPLRARVLVTRRRVRALIAVLWAVALLSAGPFLFLVGVEQDPGISVVPGLNGTARIASSPLASSPPLWLSRAPPPSPPSGPETAEAAALFSRECRPSPAQLGALRVMLWVTTAYFFLPFLCLSILYGLIGRELWSSRRPLRGPAASGRERGHRQTVRVLLVVVLAFIICWLPFHVGRIIYINTEDSRMMYFSQYFNIVALQLFYLSASINPILYNLISKKYRAAAFKLLLARKSRPRGFHRSRDTAGEVAGDTGGDTVGYTETSANVKTMGGSSGGGGSGGGGSSGVFTLEDFVGDWEQTAAYNLDQVLEQGGVSSLLQNLAVSVTPIQRIVRSGENALKIDIHVIIPYEGLSADQMAQIEEVFKVVYPVDDHHFKVILPYGTLVIDGVTPNMLNYFGRPYEGIAVFDGKKITVTGTLWNGNKIIDERLITPDGSMLFRVTINS,https://dx.doi.org/10.1126/SCIADV.ADE9020,2023-04-12,FVPIFTYGELQRMQEKERNKGQ,MGSPWNGSDGPEGAREPPWPALPPCDERRCSPFPLGALVPVTAVCLCLFVVGVSGNVVTVMLIGRYRDMRTTTNLYLGSMAVSDLLILLGLPFDLYRLWRSRPWVFGPLLCRLSLYVGEGCTYATLLHMTALSVERYLAICRPLRARVLVTRRRVRALIAVLWAVALLSAGPFLFLVGVEQDPGISVVPGLNGTARIASSPLASSPPLWLSRAPPPSPPSGPETAEAAALFSRECRPSPAQLGALRVMLWVTTAYFFLPFLCLSILYGLIGRELWSSRRPLRGPAASGRERGHRQTVRVLLVVVLAFIICWLPFHVGRIIYINTEDSRMMYFSQYFNIVALQLFYLSASINPILYNLISKKYRAAAFKLLLARKSRPRGFHRSRDTAGEVAGDTGGDTVGYTETSANVKTMG,1458,mtlr_human___1458,6
18,0.7340242844300641,0.7695315308068755,0.7101449275362319,1.4918594090762216,0.8878626089026054,0.8166666666666667,49,60,0.3717948717948718,29,78,0,279,19,receptor,ligand,A,B,AF2 (no templates),8IBV,mtlr_human,O43193,Class A (Rhodopsin),Motilin receptors,3.19,Electron microscopy,Active,motilin,C,FVPIFTYGELQRMQEKERNKGQ,R,MKTIIALSYIFCLVFADYKDDDDAKLQTMHHHHHHHHHHADLEDNWETLNDNLKVIEKADNAAQVKDALTKMRAAALDAQKATPPKLEDKSPDSPEMKDFRHGFDILVGQIDDALKLANEGKVKEAQAAAEQLKTTRNAYIQKYLASENLYFQGGTMGSPWNGSDGPEGAREPPWPALPPCDERRCSPFPLGALVPVTAVCLCLFVVGVSGNVVTVMLIGRYRDMRTTTNLYLGSMAVSDLLILLGLPFDLYRLWRSRPWVFGPLLCRLSLYVGEGCTYATLLHMTALSVERYLAICRPLRARVLVTRRRVRALIAVLWAVALLSAGPFLFLVGVEQDPGISVVPGLNGTARIASSPLASSPPLWLSRAPPPSPPSGPETAEAAALFSRECRPSPAQLGALRVMLWVTTAYFFLPFLCLSILYGLIGRELWSSRRPLRGPAASGRERGHRQTVRVLLVVVLAFIICWLPFHVGRIIYINTEDSRMMYFSQYFNIVALQLFYLSASINPILYNLISKKYRAAAFKLLLARKSRPRGFHRSRDTAGEVAGDTGGDTVGYTETSANVKTMGGSSGGGGSGGGGSSGVFTLEDFVGDWEQTAAYNLDQVLEQGGVSSLLQNLAVSVTPIQRIVRSGENALKIDIHVIIPYEGLSADQMAQIEEVFKVVYPVDDHHFKVILPYGTLVIDGVTPNMLNYFGRPYEGIAVFDGKKITVTGTLWNGNKIIDERLITPDGSMLFRVTINS,https://dx.doi.org/10.1126/SCIADV.ADE9020,2023-04-12,FVPIFTYGELQRMQEKERNKGQ,MGSPWNGSDGPEGAREPPWPALPPCDERRCSPFPLGALVPVTAVCLCLFVVGVSGNVVTVMLIGRYRDMRTTTNLYLGSMAVSDLLILLGLPFDLYRLWRSRPWVFGPLLCRLSLYVGEGCTYATLLHMTALSVERYLAICRPLRARVLVTRRRVRALIAVLWAVALLSAGPFLFLVGVEQDPGISVVPGLNGTARIASSPLASSPPLWLSRAPPPSPPSGPETAEAAALFSRECRPSPAQLGALRVMLWVTTAYFFLPFLCLSILYGLIGRELWSSRRPLRGPAASGRERGHRQTVRVLLVVVLAFIICWLPFHVGRIIYINTEDSRMMYFSQYFNIVALQLFYLSASINPILYNLISKKYRAAAFKLLLARKSRPRGFHRSRDTAGEVAGDTGGDTVGYTETSANVKTMG,1458,mtlr_human___1458,1
19,0.2174594333774009,0.2208925823379196,0.1121495327102803,3.7466822140578873,10.36520307910184,0.1224489795918367,6,49,0.896551724137931,52,58,5,272,11,receptor,ligand,A,B,RF-AA (no templates),7XWO,nk2r_human,P21452,Class A (Rhodopsin),Tachykinin receptors,2.7,Electron microscopy,Active,HIS-LYS-THR-ASP-SER-PHE-VAL-GLY-LEU-MET-NH2,D,HKTDSFVGLMA,B,MKTIIALSYIFCLVFADYKDDDDAKLQTMHHHHHHHHHHENLYFQGGTADLEDNWETLNDNLKVIEKADNAAQVKDALTKMRAAALDAQKATPPKLEDKSPDSPEMKDFRHGFDILVGQIDDALKLANEGKVKEAQAAAEQLKTTRNAYIQKYLMGTCDIVTEANISSGPESNTTGITAFSMPSWQLALWATAYLALVLVAVTGNAIVIWIILAHRRMRTVTNYFIVNLALADLCMAAFNAAFNFVYASHNIWYFGRAFCYFQNLFPITAMFVSIYSMTAIAADRYMAIVHPFQPRLSAPSTKAVIAGIWLVALALASPQCFYSTVTMDQGATKCVVAWPEDSGGKTLLLYHLVVIALIYFLPLAVMFVAYSVIGLTLWRRAVPGHQAHGANLRHLQAMKKFVKTMVLVVLTFAICWLPYHLYFILGSFQEDIYCHKFIQQVYLALFWLAMSSTMYNPIIYCCLNHRFRSGFRLAFRCCPWVTPTKEDKLELTPTTSLSKLVEKY,,2023-05-31,HKTDSFVGLM,MGTCDIVTEANISSGPESNTTGITAFSMPSWQLALWATAYLALVLVAVTGNAIVIWIILAHRRMRTVTNYFIVNLALADLCMAAFNAAFNFVYASHNIWYFGRAFCYFQNLFPITAMFVSIYSMTAIAADRYMAIVHPFQPRLSAPSTKAVIAGIWLVALALASPQCFYSTVTMDQGATKCVVAWPEDSGGKTLLLYHLVVIALIYFLPLAVMFVAYSVIGLTLWRRAVPGHQAHGANLRHLQAMKKFVKTMVLVVLTFAICWLPYHLYFILGSFQEDIYCHKFIQQVYLALFWLAMSSTMYNPIIYCCLNHRFRSGFRLAFRCCPWVTPTKEDKLELTPTTSLSTRVNRCHTKETLFMAGDTAPSEATSGEAGRPQDGSGLWFGYGLLAPTKTHVEI,2089,nk2r_human___2089,1
20,0.5814506440731687,0.5986163888757626,0.5607476635514018,2.0245526980800177,3.85764221786936,0.6122448979591837,30,49,0.4827586206896552,28,58,0,272,11,receptor,ligand,A,B,AF2 (no templates),7XWO,nk2r_human,P21452,Class A (Rhodopsin),Tachykinin receptors,2.7,Electron microscopy,Active,HIS-LYS-THR-ASP-SER-PHE-VAL-GLY-LEU-MET-NH2,D,HKTDSFVGLMA,B,MKTIIALSYIFCLVFADYKDDDDAKLQTMHHHHHHHHHHENLYFQGGTADLEDNWETLNDNLKVIEKADNAAQVKDALTKMRAAALDAQKATPPKLEDKSPDSPEMKDFRHGFDILVGQIDDALKLANEGKVKEAQAAAEQLKTTRNAYIQKYLMGTCDIVTEANISSGPESNTTGITAFSMPSWQLALWATAYLALVLVAVTGNAIVIWIILAHRRMRTVTNYFIVNLALADLCMAAFNAAFNFVYASHNIWYFGRAFCYFQNLFPITAMFVSIYSMTAIAADRYMAIVHPFQPRLSAPSTKAVIAGIWLVALALASPQCFYSTVTMDQGATKCVVAWPEDSGGKTLLLYHLVVIALIYFLPLAVMFVAYSVIGLTLWRRAVPGHQAHGANLRHLQAMKKFVKTMVLVVLTFAICWLPYHLYFILGSFQEDIYCHKFIQQVYLALFWLAMSSTMYNPIIYCCLNHRFRSGFRLAFRCCPWVTPTKEDKLELTPTTSLSKLVEKY,,2023-05-31,HKTDSFVGLM,MGTCDIVTEANISSGPESNTTGITAFSMPSWQLALWATAYLALVLVAVTGNAIVIWIILAHRRMRTVTNYFIVNLALADLCMAAFNAAFNFVYASHNIWYFGRAFCYFQNLFPITAMFVSIYSMTAIAADRYMAIVHPFQPRLSAPSTKAVIAGIWLVALALASPQCFYSTVTMDQGATKCVVAWPEDSGGKTLLLYHLVVIALIYFLPLAVMFVAYSVIGLTLWRRAVPGHQAHGANLRHLQAMKKFVKTMVLVVLTFAICWLPYHLYFILGSFQEDIYCHKFIQQVYLALFWLAMSSTMYNPIIYCCLNHRFRSGFRLAFRCCPWVTPTKEDKLELTPTTSLSTRVNRCHTKETLFMAGDTAPSEATSGEAGRPQDGSGLWFGYGLLAPTKTHVEI,2089,nk2r_human___2089,1
21,0.4121901369185229,0.4149117807914222,0.2816901408450704,2.321803037079474,6.095258950767898,0.2898550724637681,20,69,0.726027397260274,53,73,14,291,10,receptor,ligand,A,B,RF-AA (no templates),8H0P,nmbr_human,P28336,Class A (Rhodopsin),Bombesin receptors,3.15,Electron microscopy,Active,NMB30,L,NLWATGHFMG,R,MPSKSLSNLSVTTGANESGSVPEGWERDFLPASDGTTTELVIRCVIPSLYLLIITVGLLGNIMLVKIFITNSAMRSVPNIFISNLAAGDLLLLLTCVPVDASRYFFDEWMFGKVGCKLIPVIQLTSVGVSVFTQTALSADRYRAIVNPMDMQTSGALLRTCVKAMGIWVVSVLLAVPEAVFSEVARISSLDNSSFTACIPYPQTDELHPKIHSVLIFLVYFLIPLAIISIYYYHIAKTLIKSAHNLPGEYNEHTKKQMETRKRLAKIVLVFVGCFIFCWFPNHILYMYRSFNYNEIDPSLGHMIVTLVARVLSFGNSCVNPFALYLLSESFRRHFNSQLCCGRKSYQERGTSYLLSSSAVRMTSLKSNAKNMVTNSVLLNGHSMKQEMAL,https://dx.doi.org/10.1038/S41422-022-00743-6,2023-08-09,GNLWATGHFM,MPSKSLSNLSVTTGANESGSVPEGWERDFLPASDGTTTELVIRCVIPSLYLLIITVGLLGNIMLVKIFITNSAMRSVPNIFISNLAAGDLLLLLTCVPVDASRYFFDEWMFGKVGCKLIPVIQLTSVGVSVFTLTALSADRYRAIVNPMDMQTSGALLRTCVKAMGIWVVSVLLAVPEAVFSEVARISSLDNSSFTACIPYPQTDELHPKIHSVLIFLVYFLIPLAIISIYYYHIAKTLIKSAHNLPGEYNEHTKKQMETRKRLAKIVLVFVGCFIFCWFPNHILYMYRSFNYNEIDPSLGHMIVTLVARVLSFGNSCVNPFALYLLSESFRRHFNSQLCCGRKSYQERGTSYLLSSSAVRMTSLKSNAKNMVTNSVLLNGHSMKQEMAL,613,nmbr_human___613,2
22,0.7854864940900489,0.7915508378047164,0.8368794326241135,1.3203189181044537,1.8207657929627277,0.855072463768116,59,69,0.1805555555555555,13,72,0,291,10,receptor,ligand,A,B,AF2 (no templates),8H0P,nmbr_human,P28336,Class A (Rhodopsin),Bombesin receptors,3.15,Electron microscopy,Active,NMB30,L,NLWATGHFMG,R,MPSKSLSNLSVTTGANESGSVPEGWERDFLPASDGTTTELVIRCVIPSLYLLIITVGLLGNIMLVKIFITNSAMRSVPNIFISNLAAGDLLLLLTCVPVDASRYFFDEWMFGKVGCKLIPVIQLTSVGVSVFTQTALSADRYRAIVNPMDMQTSGALLRTCVKAMGIWVVSVLLAVPEAVFSEVARISSLDNSSFTACIPYPQTDELHPKIHSVLIFLVYFLIPLAIISIYYYHIAKTLIKSAHNLPGEYNEHTKKQMETRKRLAKIVLVFVGCFIFCWFPNHILYMYRSFNYNEIDPSLGHMIVTLVARVLSFGNSCVNPFALYLLSESFRRHFNSQLCCGRKSYQERGTSYLLSSSAVRMTSLKSNAKNMVTNSVLLNGHSMKQEMAL,https://dx.doi.org/10.1038/S41422-022-00743-6,2023-08-09,GNLWATGHFM,MPSKSLSNLSVTTGANESGSVPEGWERDFLPASDGTTTELVIRCVIPSLYLLIITVGLLGNIMLVKIFITNSAMRSVPNIFISNLAAGDLLLLLTCVPVDASRYFFDEWMFGKVGCKLIPVIQLTSVGVSVFTLTALSADRYRAIVNPMDMQTSGALLRTCVKAMGIWVVSVLLAVPEAVFSEVARISSLDNSSFTACIPYPQTDELHPKIHSVLIFLVYFLIPLAIISIYYYHIAKTLIKSAHNLPGEYNEHTKKQMETRKRLAKIVLVFVGCFIFCWFPNHILYMYRSFNYNEIDPSLGHMIVTLVARVLSFGNSCVNPFALYLLSESFRRHFNSQLCCGRKSYQERGTSYLLSSSAVRMTSLKSNAKNMVTNSVLLNGHSMKQEMAL,613,nmbr_human___613,1
23,0.3761233025003572,0.3870444800882016,0.3931623931623931,4.297675349465743,6.561380866576763,0.4259259259259259,23,54,0.6349206349206349,40,63,16,264,8,receptor,ligand,A,B,RF-AA (no templates),7W53,nmur1_human,Q9HB89,Class A (Rhodopsin),Neuromedin U receptors,3.2,Electron microscopy,Active,Neuromedin U-25 (human),C,FRVDEEFQSPFASQSRGYFLFRPRNQ,R,MKTIIALSYIFCLVFADYKDDDDAKLQTMHHHHHHHHHHADLEDNWETLNDNLKVIEKADNAAQVKDALTKMRAAALDAQKATPPKLEDKSPDSPEMKDFRHGFDILVGQIDDALKLANEGKVKEAQAAAEQLKTTRNAYIQKYLASENLYFQGGTMTPLCLNCSVLPGDLYPGGARNPMACNGSAARGHFDPEDLNLTDEALRLKYLGPQQTELFMPICATYLLIFVVGAVGNGLTCLVILRHKAMRTPTNYYLFSLAVSDLLVLLVGLPLELYEMWHNYPFLLGVGGCYFRTLLFEMVCLASVLNVTALSVERYVAVVHPLQARSMVTRAHVRRVLGAVWGLAMLCSLPNTSLHGIRQLHVPCRGPVPDSAVCMLVRPRALYNMVVQTTALLFFCLPMAIMSVLYLLIGLRLRRERLLLMQEAKGRGSAAARSRYTCRLQQHDRGRRQVTKMLFVLVVVFGICWAPFHADRVMWSVVSQWTDGLHLAFQHVHVISGIFFYLGSAANPVLYSLMSSRFRETFQEALCLGACCHRLRPRHSSHSLSRMTTGSTLCDVGSLGSWVHPLAGNDGPEAQQETDPSGSSGGGGSGGGGSSGVFTLEDFVGDWEQTAAYNLDQVLEQGGVSSLLQNLAVSVTPIQRIVRSGENALKIDIHVIIPYEGLSADQMAQIEEVFKVVYPVDDHHFKVILPYGTLVIDGVTPNMLNYFGRPYEGIAVFDGKKITVTGTLWNGNKIIDERLITPDGSMLFRVTINS,https://dx.doi.org/10.1038/S41467-022-29683-W,2022-04-20,FRVDEEFQSPFASQSRGYFLFRPRN,MTPLCLNCSVLPGDLYPGGARNPMACNGSAARGHFDPEDLNLTDEALRLKYLGPQQTELFMPICATYLLIFVVGAVGNGLTCLVILRHKAMRTPTNYYLFSLAVSDLLVLLVGLPLELYEMWHNYPFLLGVGGCYFRTLLFEMVCLASVLNVTALSVERYVAVVHPLQARSMVTRAHVRRVLGAVWGLAMLCSLPNTSLHGIRQLHVPCRGPVPDSAVCMLVRPRALYNMVVQTTALLFFCLPMAIMSVLYLLIGLRLRRERLLLMQEAKGRGSAAARSRYTCRLQQHDRGRRQVTKMLFVLVVVFGICWAPFHADRVMWSVVSQWTDGLHLAFQHVHVISGIFFYLGSAANPVLYSLMSSRFRETFQEALCLGACCHRLRPRHSSHSLSRMTTGSTLCDVGSLGSWVHPLAGNDGPEAQQETDPS,1470,nmur1_human___1470,5
24,0.7500342913061817,0.7588526334578573,0.7142857142857143,1.3189610995562622,1.44639284511673,0.7407407407407407,40,54,0.3103448275862069,18,58,0,264,8,receptor,ligand,A,B,AF2 (no templates),7W53,nmur1_human,Q9HB89,Class A (Rhodopsin),Neuromedin U receptors,3.2,Electron microscopy,Active,Neuromedin U-25 (human),C,FRVDEEFQSPFASQSRGYFLFRPRNQ,R,MKTIIALSYIFCLVFADYKDDDDAKLQTMHHHHHHHHHHADLEDNWETLNDNLKVIEKADNAAQVKDALTKMRAAALDAQKATPPKLEDKSPDSPEMKDFRHGFDILVGQIDDALKLANEGKVKEAQAAAEQLKTTRNAYIQKYLASENLYFQGGTMTPLCLNCSVLPGDLYPGGARNPMACNGSAARGHFDPEDLNLTDEALRLKYLGPQQTELFMPICATYLLIFVVGAVGNGLTCLVILRHKAMRTPTNYYLFSLAVSDLLVLLVGLPLELYEMWHNYPFLLGVGGCYFRTLLFEMVCLASVLNVTALSVERYVAVVHPLQARSMVTRAHVRRVLGAVWGLAMLCSLPNTSLHGIRQLHVPCRGPVPDSAVCMLVRPRALYNMVVQTTALLFFCLPMAIMSVLYLLIGLRLRRERLLLMQEAKGRGSAAARSRYTCRLQQHDRGRRQVTKMLFVLVVVFGICWAPFHADRVMWSVVSQWTDGLHLAFQHVHVISGIFFYLGSAANPVLYSLMSSRFRETFQEALCLGACCHRLRPRHSSHSLSRMTTGSTLCDVGSLGSWVHPLAGNDGPEAQQETDPSGSSGGGGSGGGGSSGVFTLEDFVGDWEQTAAYNLDQVLEQGGVSSLLQNLAVSVTPIQRIVRSGENALKIDIHVIIPYEGLSADQMAQIEEVFKVVYPVDDHHFKVILPYGTLVIDGVTPNMLNYFGRPYEGIAVFDGKKITVTGTLWNGNKIIDERLITPDGSMLFRVTINS,https://dx.doi.org/10.1038/S41467-022-29683-W,2022-04-20,FRVDEEFQSPFASQSRGYFLFRPRN,MTPLCLNCSVLPGDLYPGGARNPMACNGSAARGHFDPEDLNLTDEALRLKYLGPQQTELFMPICATYLLIFVVGAVGNGLTCLVILRHKAMRTPTNYYLFSLAVSDLLVLLVGLPLELYEMWHNYPFLLGVGGCYFRTLLFEMVCLASVLNVTALSVERYVAVVHPLQARSMVTRAHVRRVLGAVWGLAMLCSLPNTSLHGIRQLHVPCRGPVPDSAVCMLVRPRALYNMVVQTTALLFFCLPMAIMSVLYLLIGLRLRRERLLLMQEAKGRGSAAARSRYTCRLQQHDRGRRQVTKMLFVLVVVFGICWAPFHADRVMWSVVSQWTDGLHLAFQHVHVISGIFFYLGSAANPVLYSLMSSRFRETFQEALCLGACCHRLRPRHSSHSLSRMTTGSTLCDVGSLGSWVHPLAGNDGPEAQQETDPS,1470,nmur1_human___1470,1
25,0.1829918197030605,0.1801221219181085,0.135593220338983,3.900843548355645,13.477628450651968,0.1269841269841269,8,63,0.8545454545454545,47,55,8,303,9,receptor,ligand,A,B,RF-AA (no templates),7W55,nmur2_human,Q9GZQ4,Class A (Rhodopsin),Neuromedin U receptors,2.8,Electron microscopy,Active,Neuromedin U-25 (human),C,FRVDEEFQSPFASQSRGYFLFRPRNQ,R,MKTIIALSYIFCLVFADYKDDDDAKLQTMHHHHHHHHHHADLEDNWETLNDNLKVIEKADNAAQVKDALTKMRAAALDAQKATPPKLEDKSPDSPEMKDFRHGFDILVGQIDDALKLANEGKVKEAQAAAEQLKTTRNAYIQKYLASENLYFQGGTMSGMEKLQNASWIYQQKLEDPFQKHLNSTEEYLAFLCGPRRSHFFLPVSVVYVPIFVVGVIGNVLVCLVILQHQAMKTPTNYYLFSLAVSDLLVLLLGMPLEVYEMWRNYPFLFGPVGCYFKTALFETVCFASILSITTVSVERYVAILHPFRAKLQSTRRRALRILGIVWGFSVLFSLPNTSIHGIKFHYFPNGSLVPGSATCTVIKPMWIYNFIIQVTSFLFYLLPMTVISVLYYLMALRLKKDKSLEADEGNANIQRPCRKSVNKMLFVLVLVFAICWAPFHIDRLFFSFVEEWSESLAAVFNLVHVVSGVFFYLSSAVNPIIYNLLSRRFQAAFQNVISSFHKQWHSQHDPQLPPAQRNIFLTECHFVELTEDIGPQFPCQSSMHNSHLPAALSSEQMSRTNYQSFHFNKT,https://dx.doi.org/10.1038/S41467-022-29683-W,2022-04-20,FRVDEEFQSPFASQSRGYFLFRPRN,MSGMEKLQNASWIYQQKLEDPFQKHLNSTEEYLAFLCGPRRSHFFLPVSVVYVPIFVVGVIGNVLVCLVILQHQAMKTPTNYYLFSLAVSDLLVLLLGMPLEVYEMWRNYPFLFGPVGCYFKTALFETVCFASILSITTVSVERYVAILHPFRAKLQSTRRRALRILGIVWGFSVLFSLPNTSIHGIKFHYFPNGSLVPGSATCTVIKPMWIYNFIIQVTSFLFYLLPMTVISVLYYLMALRLKKDKSLEADEGNANIQRPCRKSVNKMLFVLVLVFAICWAPFHIDRLFFSFVEEWSESLAAVFNLVHVVSGVFFYLSSAVNPIIYNLLSRRFQAAFQNVISSFHKQWHSQHDPQLPPAQRNIFLTECHFVELTEDIGPQFPCQSSMHNSHLPAALSSEQMSRTNYQSFHFNKT,1470,nmur2_human___1470,6
26,0.8694646324011308,0.8822111451476435,0.803030303030303,0.6865005568094754,1.258533181571686,0.8412698412698413,53,63,0.2318840579710145,16,69,0,303,9,receptor,ligand,A,B,AF2 (no templates),7W55,nmur2_human,Q9GZQ4,Class A (Rhodopsin),Neuromedin U receptors,2.8,Electron microscopy,Active,Neuromedin U-25 (human),C,FRVDEEFQSPFASQSRGYFLFRPRNQ,R,MKTIIALSYIFCLVFADYKDDDDAKLQTMHHHHHHHHHHADLEDNWETLNDNLKVIEKADNAAQVKDALTKMRAAALDAQKATPPKLEDKSPDSPEMKDFRHGFDILVGQIDDALKLANEGKVKEAQAAAEQLKTTRNAYIQKYLASENLYFQGGTMSGMEKLQNASWIYQQKLEDPFQKHLNSTEEYLAFLCGPRRSHFFLPVSVVYVPIFVVGVIGNVLVCLVILQHQAMKTPTNYYLFSLAVSDLLVLLLGMPLEVYEMWRNYPFLFGPVGCYFKTALFETVCFASILSITTVSVERYVAILHPFRAKLQSTRRRALRILGIVWGFSVLFSLPNTSIHGIKFHYFPNGSLVPGSATCTVIKPMWIYNFIIQVTSFLFYLLPMTVISVLYYLMALRLKKDKSLEADEGNANIQRPCRKSVNKMLFVLVLVFAICWAPFHIDRLFFSFVEEWSESLAAVFNLVHVVSGVFFYLSSAVNPIIYNLLSRRFQAAFQNVISSFHKQWHSQHDPQLPPAQRNIFLTECHFVELTEDIGPQFPCQSSMHNSHLPAALSSEQMSRTNYQSFHFNKT,https://dx.doi.org/10.1038/S41467-022-29683-W,2022-04-20,FRVDEEFQSPFASQSRGYFLFRPRN,MSGMEKLQNASWIYQQKLEDPFQKHLNSTEEYLAFLCGPRRSHFFLPVSVVYVPIFVVGVIGNVLVCLVILQHQAMKTPTNYYLFSLAVSDLLVLLLGMPLEVYEMWRNYPFLFGPVGCYFKTALFETVCFASILSITTVSVERYVAILHPFRAKLQSTRRRALRILGIVWGFSVLFSLPNTSIHGIKFHYFPNGSLVPGSATCTVIKPMWIYNFIIQVTSFLFYLLPMTVISVLYYLMALRLKKDKSLEADEGNANIQRPCRKSVNKMLFVLVLVFAICWAPFHIDRLFFSFVEEWSESLAAVFNLVHVVSGVFFYLSSAVNPIIYNLLSRRFQAAFQNVISSFHKQWHSQHDPQLPPAQRNIFLTECHFVELTEDIGPQFPCQSSMHNSHLPAALSSEQMSRTNYQSFHFNKT,1470,nmur2_human___1470,3
27,0.8148266311144772,0.8244323658815023,0.864516129032258,1.1867217145250462,1.6205721253947571,0.8933333333333333,67,75,0.1625,13,80,0,302,28,receptor,ligand,A,B,AF2 (no templates),7YOO,npy2r_human,P49146,Class A (Rhodopsin),Neuropeptide Y receptors,3.11,Electron microscopy,Active,neuropeptide Y,L,YPSKPDNPGEDAPAEDMARYYSALRHYINLITRQRY,R,GPGPIGAEADENQTVEEMKVEQYGPQTTPRGELVPDPEPELIDSTKLIEVQVVLILAYCSIILLGVIGNSLVIHVVIKFKSMRTVTNFFIANLAVADLLVNTLCLPFTLTYTLMGEWKMGPVLCHLVPYAQGLAVQVSTITLTVIALDRYRCIVYHLESKISKRISFLIIGLAWGISALLASPLAIFREYSLIEIIPDFEIVACTEKWPGEEKSIYGTVYSLSSLLILYVLPLGIISFSYTRIWSKLKNHVSPGAANDHYHQRRQKTTKMLVCVVVVFAVCWLPLHAFQLAVDIDSQVLDLKEYKLIFTVFHIIAMCSTFANPLLYGWMNSNYRKAFLSAFRCEQRLDAIHSEVSVTFKAKKNLEVRKNSGPNDSFTEATNVASGLEVLFQ,https://dx.doi.org/10.1016/J.STR.2022.11.010,2023-03-22,YPSKPDNPGEDAPAEDMARYYSALRHYINLITRQRY,MGPIGAEADENQTVEEMKVEQYGPQTTPRGELVPDPEPELIDSTKLIEVQVVLILAYCSIILLGVIGNSLVIHVVIKFKSMRTVTNFFIANLAVADLLVNTLCLPFTLTYTLMGEWKMGPVLCHLVPYAQGLAVQVSTITLTVIALDRHRCIVYHLESKISKRISFLIIGLAWGISALLASPLAIFREYSLIEIIPDFEIVACTEKWPGEEKSIYGTVYSLSSLLILYVLPLGIISFSYTRIWSKLKNHVSPGAANDHYHQRRQKTTKMLVCVVVVFAVSWLPLHAFQLAVDIDSQVLDLKEYKLIFTVFHIIAMCSTFANPLLYGWMNSNYRKAFLSAFRCEQRLDAIHSEVSVTFKAKKNLEVRKNSGPNDSFTEATNV,1504,npy2r_human___1504,1
28,0.3916959345361666,0.3981190577798438,0.1509433962264151,2.0035633538161663,6.033444731651647,0.1702127659574468,8,47,0.864406779661017,51,59,0,286,8,receptor,ligand,A,B,AF2 (no templates),8F7W,oprk_human,P41145,Class A (Rhodopsin),Opioid receptors,3.19,Electron microscopy,Active,dynorphin A-(1-8),P,YGGFLRRI,R,SPIQIFRGEPGPTCAPSACLPPNSSAWFPGWAEPDSNGSAGSEDAQLEPAHISPAIPVIITAVYSVVFVVGLVGNSLVMFVIIRYTKMKTATNIYIFNLALADALVTTTMPFQSTVYLMNSWPFGDVLCKIVISIDYYNMFTSIFTLTMMSVDRYIAVCHPVKALDFRTPLKAKIINICIWLLSSSVGISAIVLGGTKVREDVDVIECSLQFPDDDYSWWDLFMKICVFIFAFVIPVLIIIVCYTLMILRLKSVRLLSGSREKDRNLRRITRLVLVVVAVFVVCWTPIHIFILVEALGSTSHSTAALSSYYFCIALGYTNSSLNPILYAFLDENFKRCFRDFCFPLKMRMERQSTSRVRNTVQDPAYLRDIDGMNKPV,https://dx.doi.org/10.1016/J.CELL.2022.12.026,2022-12-14,YGGFLRRIRPKLKWDNQ,MDSPIQIFRGEPGPTCAPSACLPPNSSAWFPGWAEPDSNGSAGSEDAQLEPAHISPAIPVIITAVYSVVFVVGLVGNSLVMFVIIRYTKMKTATNIYIFNLALADALVTTTMPFQSTVYLMNSWPFGDVLCKIVISIDYYNMFTSIFTLTMMSVDRYIAVCHPVKALDFRTPLKAKIINICIWLLSSSVGISAIVLGGTKVREDVDVIECSLQFPDDDYSWWDLFMKICVFIFAFVIPVLIIIVCYTLMILRLKSVRLLSGSREKDRNLRRITRLVLVVVAVFVVCWTPIHIFILVEALGSTSHSTAALSSYYFCIALGYTNSSLNPILYAFLDENFKRCFRDFCFPLKMRMERQSTSRVRNTVQDPAYLRDIDGMNKPV,1620,oprk_human___1620,5
29,0.0096876276228462,0.0096876276228462,0.0,19.00862133807029,55.55452246683304,0.0,0,61,1.0,103,103,16,287,21,receptor,ligand,A,B,RF-AA (no templates),8F7Q,oprm_human,P35372,Class A (Rhodopsin),Opioid receptors,3.22,Electron microscopy,Active,&beta;-endorphin,P,YGGFMTSEKSQTPLVTLFKNAIIKNAYKKGE,R,DYKDDDDVDSSAAPTNASNCTDALAYSSCSPAPSPGSWVNLSHLDGNLSDPCGPNRTDLGGRDSLCPPTGSPSMITAITIMALYSIVCVVGLFGNFLVMYVIVRYTKMKTATNIYIFNLALADALATSTLPFQSVNYLMGTWPFGTILCKIVISIDYYNMFTSIWTLCTMSVDRYIAVCHPVKALDFRTPRNAKIINVCNWILSSAIGLPVMFMATTKYRQGSIDCTLTFSHPTWYWENLLKICVFIFAFIMPVLIITVCYGLMILRLKSVRMLSGSKEKDRNLRRITRMVLVVVAVFIVCWTPIHIYVIIKALVTIPETTFQTVSWHFCIALGYTNSCLNPVLYAFLDENFKRCFREFCIPTSSNIEQQNSTRIRQNTRDHPSTANTVDRTNHQHHHHHHHH,https://dx.doi.org/10.1016/J.CELL.2022.12.026,2022-12-14,YGGFMTSEKSQTPLVTLFKNAIIKNAYKKGE,MDSSAAPTNASNCTDALAYSSCSPAPSPGSWVNLSHLDGNLSDPCGPNRTDLGGRDSLCPPTGSPSMITAITIMALYSIVCVVGLFGNFLVMYVIVRYTKMKTATNIYIFNLALADALATSTLPFQSVNYLMGTWPFGTILCKIVISIDYYNMFTSIFTLCTMSVDRYIAVCHPVKALDFRTPRNAKIINVCNWILSSAIGLPVMFMATTKYRQGSIDCTLTFSHPTWYWENLLKICVFIFAFIMPVLIITVCYGLMILRLKSVRMLSGSKEKDRNLRRITRMVLVVVAVFIVCWTPIHIYVIIKALVTIPETTFQTVSWHFCIALGYTNSCLNPVLYAFLDENFKRCFREFCIPTSSNIEQQNSTRIRQNTRDHPSTANTVDRTNHQLENLEAETAPLP,1643,oprm_human___1643,7
30,0.1760542867768495,0.1724725262037678,0.4369747899159664,10.324236378332406,30.860127703297653,0.4262295081967213,26,61,0.5517241379310345,32,58,0,287,21,receptor,ligand,A,B,AF2 (no templates),8F7Q,oprm_human,P35372,Class A (Rhodopsin),Opioid receptors,3.22,Electron microscopy,Active,&beta;-endorphin,P,YGGFMTSEKSQTPLVTLFKNAIIKNAYKKGE,R,DYKDDDDVDSSAAPTNASNCTDALAYSSCSPAPSPGSWVNLSHLDGNLSDPCGPNRTDLGGRDSLCPPTGSPSMITAITIMALYSIVCVVGLFGNFLVMYVIVRYTKMKTATNIYIFNLALADALATSTLPFQSVNYLMGTWPFGTILCKIVISIDYYNMFTSIWTLCTMSVDRYIAVCHPVKALDFRTPRNAKIINVCNWILSSAIGLPVMFMATTKYRQGSIDCTLTFSHPTWYWENLLKICVFIFAFIMPVLIITVCYGLMILRLKSVRMLSGSKEKDRNLRRITRMVLVVVAVFIVCWTPIHIYVIIKALVTIPETTFQTVSWHFCIALGYTNSCLNPVLYAFLDENFKRCFREFCIPTSSNIEQQNSTRIRQNTRDHPSTANTVDRTNHQHHHHHHHH,https://dx.doi.org/10.1016/J.CELL.2022.12.026,2022-12-14,YGGFMTSEKSQTPLVTLFKNAIIKNAYKKGE,MDSSAAPTNASNCTDALAYSSCSPAPSPGSWVNLSHLDGNLSDPCGPNRTDLGGRDSLCPPTGSPSMITAITIMALYSIVCVVGLFGNFLVMYVIVRYTKMKTATNIYIFNLALADALATSTLPFQSVNYLMGTWPFGTILCKIVISIDYYNMFTSIFTLCTMSVDRYIAVCHPVKALDFRTPRNAKIINVCNWILSSAIGLPVMFMATTKYRQGSIDCTLTFSHPTWYWENLLKICVFIFAFIMPVLIITVCYGLMILRLKSVRMLSGSKEKDRNLRRITRMVLVVVAVFIVCWTPIHIYVIIKALVTIPETTFQTVSWHFCIALGYTNSCLNPVLYAFLDENFKRCFREFCIPTSSNIEQQNSTRIRQNTRDHPSTANTVDRTNHQLENLEAETAPLP,1643,oprm_human___1643,7
31,0.0105993639777282,0.0105993639777282,0.0,17.13795356252309,53.97979136170687,0.0,0,61,1.0,37,37,7,285,14,receptor,ligand,A,B,RF-AA (no templates),8F7X,oprx_human,P41146,Class A (Rhodopsin),Opioid receptors,3.28,Electron microscopy,Active,nociceptin/orphanin FQ,P,FGGFTGARKSARKL,R,EPLFPAPFWEVIYGSHLQGNLSLLSPNHSLLPPHLLLNASHGAFLPLGLKVTIVGLYLAVCVGGLLGNCLVMYVILRHTKMKTATNIYIFNLALADTLVLLTLPFQGTDILLGFWPFGNALCKTVIAIDYYNMFTSTFTLTAMSVDRYVAICHPIRALDVRTSSKAQAVNVAIWALASVVGVPVAIMGSAQVEDEEIECLVEIPTPQDYWGPVFAICIFLFSFIVPVLVISVCYSLMIRRLRGVRLLSGSREKDRNLRRITRLVLVVVAVFVGCWTPVQVFVLAQGLGVQPSSETAVAILRFCTALGYVNSCLNPILYAFLDENFKACFRKFCCASALRRDVQVSDRVRSIAKDVALACKTSETVPRPA,https://dx.doi.org/10.1016/J.CELL.2022.12.026,2022-12-14,FGGFTGARKSARKLANQ,MEPLFPAPFWEVIYGSHLQGNLSLLSPNHSLLPPHLLLNASHGAFLPLGLKVTIVGLYLAVCVGGLLGNCLVMYVILRHTKMKTATNIYIFNLALADTLVLLTLPFQGTDILLGFWPFGNALCKTVIAIDYYNMFTSTFTLTAMSVDRYVAICHPIRALDVRTSSKAQAVNVAIWALASVVGVPVAIMGSAQVEDEEIECLVEIPTPQDYWGPVFAICIFLFSFIVPVLVISVCYSLMIRRLRGVRLLSGSREKDRNLRRITRLVLVVVAVFVGCWTPVQVFVLAQGLGVQPSSETAVAILRFCTALGYVNSCLNPILYAFLDENFKACFRKFCCASALRRDVQVSDRVRSIAKDVALACKTSETVPRPA,1681,oprx_human___1681,4
32,0.8391466594947518,0.8485143409935808,0.8571428571428571,1.0258258547434114,1.2461889070906045,0.8852459016393442,54,61,0.1692307692307692,11,65,0,285,14,receptor,ligand,A,B,AF2 (no templates),8F7X,oprx_human,P41146,Class A (Rhodopsin),Opioid receptors,3.28,Electron microscopy,Active,nociceptin/orphanin FQ,P,FGGFTGARKSARKL,R,EPLFPAPFWEVIYGSHLQGNLSLLSPNHSLLPPHLLLNASHGAFLPLGLKVTIVGLYLAVCVGGLLGNCLVMYVILRHTKMKTATNIYIFNLALADTLVLLTLPFQGTDILLGFWPFGNALCKTVIAIDYYNMFTSTFTLTAMSVDRYVAICHPIRALDVRTSSKAQAVNVAIWALASVVGVPVAIMGSAQVEDEEIECLVEIPTPQDYWGPVFAICIFLFSFIVPVLVISVCYSLMIRRLRGVRLLSGSREKDRNLRRITRLVLVVVAVFVGCWTPVQVFVLAQGLGVQPSSETAVAILRFCTALGYVNSCLNPILYAFLDENFKACFRKFCCASALRRDVQVSDRVRSIAKDVALACKTSETVPRPA,https://dx.doi.org/10.1016/J.CELL.2022.12.026,2022-12-14,FGGFTGARKSARKLANQ,MEPLFPAPFWEVIYGSHLQGNLSLLSPNHSLLPPHLLLNASHGAFLPLGLKVTIVGLYLAVCVGGLLGNCLVMYVILRHTKMKTATNIYIFNLALADTLVLLTLPFQGTDILLGFWPFGNALCKTVIAIDYYNMFTSTFTLTAMSVDRYVAICHPIRALDVRTSSKAQAVNVAIWALASVVGVPVAIMGSAQVEDEEIECLVEIPTPQDYWGPVFAICIFLFSFIVPVLVISVCYSLMIRRLRGVRLLSGSREKDRNLRRITRLVLVVVAVFVGCWTPVQVFVLAQGLGVQPSSETAVAILRFCTALGYVNSCLNPILYAFLDENFKACFRKFCCASALRRDVQVSDRVRSIAKDVALACKTSETVPRPA,1681,oprx_human___1681,1
33,0.0082463288909489,0.0082463288909489,0.0,18.955179567761235,61.88562884249163,0.0,0,47,1.0,7,7,1,276,12,receptor,ligand,A,B,RF-AA (no templates),7XMS,ssr4_human,P31391,Class A (Rhodopsin),Somatostatin receptors,2.9,Electron microscopy,Active,SOMATOSTATIN,L,AGCKNFFWKTFTSC,R,DYKDDDDGAPSAPSTLPPGGEEGLGTAWPSAANASSAPAEAEEAVAGPGDARAAGMVAIQCIYALVCLVGLVGNALVIFVILRYAKMKTATNIYLLNLAVADELFMLSVPFVASSAALRHWPFGSVLCRAVLSVDGLNMFTSVFCLTVLSVDRYVAVVHPLRAATYRRPSVAKLINLGVWLASLLVTLPIAIFADTRPARGGQAVACNLQWPHPAWSAVFVVYTFLLGFLLPVLAIGLCYLLIVGKMRAVALRAGWQQRRRSEKKITRLVLMFVVVFVLCWMPFYVVQLLNLFVTSLDATVNHVSLILSYANSCANPILYGFLSDNFRRFFQRVLCLEFLEVLFQGPWSHPQFEKGGGSGGGSGGSAWSHPQFEK,https://dx.doi.org/10.1038/S41422-022-00679-X,2022-08-03,AGCKNFFWKTFTSC,MSAPSTLPPGGEEGLGTAWPSAANASSAPAEAEEAVAGPGDARAAGMVAIQCIYALVCLVGLVGNALVIFVILRYAKMKTATNIYLLNLAVADELFMLSVPFVASSAALRHWPFGSVLCRAVLSVDGLNMFTSVFCLTVLSVDRYVAVVHPLRAATYRRPSVAKLINLGVWLASLLVTLPIAIFADTRPARGGQAVACNLQWPHPAWSAVFVVYTFLLGFLLPVLAIGLCYLLIVGKMRAVALRAGWQQRRRSEKKITRLVLMVVVVFVLCWMPFYVVQLLNLFVTSLDATVNHVSLILSYANSCANPILYGFLSDNFRRFFQRVLCLRCCLLEGAGGAEEEPLDYYATALKSKGGAGCMCPPLPCQQEALQPEPGRKRIPLTRTTTF,2019,ssr4_human___2019,3
34,0.6497992731288345,0.6983248423710892,0.6842105263157895,1.7118841055919831,3.834973288537958,0.8297872340425532,39,47,0.417910447761194,28,67,0,276,12,receptor,ligand,A,B,AF2 (no templates),7XMS,ssr4_human,P31391,Class A (Rhodopsin),Somatostatin receptors,2.9,Electron microscopy,Active,SOMATOSTATIN,L,AGCKNFFWKTFTSC,R,DYKDDDDGAPSAPSTLPPGGEEGLGTAWPSAANASSAPAEAEEAVAGPGDARAAGMVAIQCIYALVCLVGLVGNALVIFVILRYAKMKTATNIYLLNLAVADELFMLSVPFVASSAALRHWPFGSVLCRAVLSVDGLNMFTSVFCLTVLSVDRYVAVVHPLRAATYRRPSVAKLINLGVWLASLLVTLPIAIFADTRPARGGQAVACNLQWPHPAWSAVFVVYTFLLGFLLPVLAIGLCYLLIVGKMRAVALRAGWQQRRRSEKKITRLVLMFVVVFVLCWMPFYVVQLLNLFVTSLDATVNHVSLILSYANSCANPILYGFLSDNFRRFFQRVLCLEFLEVLFQGPWSHPQFEKGGGSGGGSGGSAWSHPQFEK,https://dx.doi.org/10.1038/S41422-022-00679-X,2022-08-03,AGCKNFFWKTFTSC,MSAPSTLPPGGEEGLGTAWPSAANASSAPAEAEEAVAGPGDARAAGMVAIQCIYALVCLVGLVGNALVIFVILRYAKMKTATNIYLLNLAVADELFMLSVPFVASSAALRHWPFGSVLCRAVLSVDGLNMFTSVFCLTVLSVDRYVAVVHPLRAATYRRPSVAKLINLGVWLASLLVTLPIAIFADTRPARGGQAVACNLQWPHPAWSAVFVVYTFLLGFLLPVLAIGLCYLLIVGKMRAVALRAGWQQRRRSEKKITRLVLMVVVVFVLCWMPFYVVQLLNLFVTSLDATVNHVSLILSYANSCANPILYGFLSDNFRRFFQRVLCLRCCLLEGAGGAEEEPLDYYATALKSKGGAGCMCPPLPCQQEALQPEPGRKRIPLTRTTTF,2019,ssr4_human___2019,1
35,0.6158106393848312,0.5996934232676151,0.5714285714285714,1.6694371971365287,3.856234420231048,0.5230769230769231,34,65,0.3703703703703703,20,54,1,295,9,receptor,ligand,A,B,RF-AA (no templates),7EIB,bkrb1_human,P46663,Class A (Rhodopsin),Bradykinin receptors,3.0,Electron microscopy,Active,[des-Arg<sup>10</sup>]kallidin,D,KRPPGFSPF,A,ADLEDNWETLNDNLKVIEKADNAAQVKDALTKMRAAALDAQKATPPKLEDKSPDSPEMKDFRHGFDILVGQIDDALKLANEGKVKEAQAAAEQLKTTRNAYIQKYLASSWPPLELQSSNQSQLFPQNATACDNAPEAWDLLHRVLPTFIISICFFGLLGNLFVLLVFLLPRRQLNVAEIYLANLAASDLVFVLGLPFWAENIWNQFNWPFGALLCRVINGVIKANLFISIWLVVAISQDRYRVLVHPMASRRQQRRRQARVTCVLIWVVGGLLSIPTFLLRSIQAVPDLNITACILLLPHEAWHFARIVELNILGFLLPLAAIVFFNYHILASLRTREEVSRTRCGGRKDSKTTALILTLVVAFLVCWAPYHFFAFLEFLFQVQAVRGCFWEDFIDLGLQLANFFAFTNSSLNPVIYVFVGRLFRTKVWELYKQCTPKSLAPISSSHRKEIFQLFVFTLEDFVGDWEQTAAYNLDQVLEQGGVSSLLQNLAVSVTPIQRIVRSGENALKIDIHVIIPYEGLSADQMAQIEEVFKVVYPVDDHHFKVILPYGTLVIDGVTPNMLNYFGRPYEGIAVFDGKKITVTGTLWNGNKIIDERLITPDGSMLFRVTINS,https://dx.doi.org/10.1038/S41594-021-00645-Y,2021-10-13,KRPPGFSPF,MASSWPPLELQSSNQSQLFPQNATACDNAPEAWDLLHRVLPTFIISICFFGLLGNLFVLLVFLLPRRQLNVAEIYLANLAASDLVFVLGLPFWAENIWNQFNWPFGALLCRVINGVIKANLFISIFLVVAISQDRYRVLVHPMASRRQQRRRQARVTCVLIWVVGGLLSIPTFLLRSIQAVPDLNITACILLLPHEAWHFARIVELNILGFLLPLAAIVFFNYHILASLRTREEVSRTRCGGRKDSKTTALILTLVVAFLVCWAPYHFFAFLEFLFQVQAVRGCFWEDFIDLGLQLANFFAFTNSSLNPVIYVFVGRLFRTKVWELYKQCTPKSLAPISSSHRKEIFQLFWRN,644,bkrb1_human___644,2
36,0.8181002523005351,0.8040914968283651,0.7804878048780488,0.9430314584454056,1.7996897742119848,0.7384615384615385,48,65,0.1724137931034483,10,58,0,295,9,receptor,ligand,A,B,AF2 (no templates),7EIB,bkrb1_human,P46663,Class A (Rhodopsin),Bradykinin receptors,3.0,Electron microscopy,Active,[des-Arg<sup>10</sup>]kallidin,D,KRPPGFSPF,A,ADLEDNWETLNDNLKVIEKADNAAQVKDALTKMRAAALDAQKATPPKLEDKSPDSPEMKDFRHGFDILVGQIDDALKLANEGKVKEAQAAAEQLKTTRNAYIQKYLASSWPPLELQSSNQSQLFPQNATACDNAPEAWDLLHRVLPTFIISICFFGLLGNLFVLLVFLLPRRQLNVAEIYLANLAASDLVFVLGLPFWAENIWNQFNWPFGALLCRVINGVIKANLFISIWLVVAISQDRYRVLVHPMASRRQQRRRQARVTCVLIWVVGGLLSIPTFLLRSIQAVPDLNITACILLLPHEAWHFARIVELNILGFLLPLAAIVFFNYHILASLRTREEVSRTRCGGRKDSKTTALILTLVVAFLVCWAPYHFFAFLEFLFQVQAVRGCFWEDFIDLGLQLANFFAFTNSSLNPVIYVFVGRLFRTKVWELYKQCTPKSLAPISSSHRKEIFQLFVFTLEDFVGDWEQTAAYNLDQVLEQGGVSSLLQNLAVSVTPIQRIVRSGENALKIDIHVIIPYEGLSADQMAQIEEVFKVVYPVDDHHFKVILPYGTLVIDGVTPNMLNYFGRPYEGIAVFDGKKITVTGTLWNGNKIIDERLITPDGSMLFRVTINS,https://dx.doi.org/10.1038/S41594-021-00645-Y,2021-10-13,KRPPGFSPF,MASSWPPLELQSSNQSQLFPQNATACDNAPEAWDLLHRVLPTFIISICFFGLLGNLFVLLVFLLPRRQLNVAEIYLANLAASDLVFVLGLPFWAENIWNQFNWPFGALLCRVINGVIKANLFISIFLVVAISQDRYRVLVHPMASRRQQRRRQARVTCVLIWVVGGLLSIPTFLLRSIQAVPDLNITACILLLPHEAWHFARIVELNILGFLLPLAAIVFFNYHILASLRTREEVSRTRCGGRKDSKTTALILTLVVAFLVCWAPYHFFAFLEFLFQVQAVRGCFWEDFIDLGLQLANFFAFTNSSLNPVIYVFVGRLFRTKVWELYKQCTPKSLAPISSSHRKEIFQLFWRN,644,bkrb1_human___644,1
37,0.0313372843741334,0.0313372843741334,0.0,14.066555879406716,28.296055775689613,0.0,0,72,0.0,0,0,0,305,10,receptor,ligand,A,B,RF-AA (no templates),7F6I,bkrb2_human,P30411,Class A (Rhodopsin),Bradykinin receptors,2.8,Electron microscopy,Active,kallidin,L,KRPPGFSPFR,A,MKTIIALSYIFCLVFADYKDDDDKHHHHHHHHHHENLYFQGKIEEGKLVIWINGDKGYNGLAEVGKKFEKDTGIKVTVEHPDKLEEKFPQVAATGDGPDIIFWAHDRFGGYAQSGLLAEITPDKAFQDKLYPFTWDAVRYNGKLIAYPIAVEALSLIYNKDLLPNPPKTWEEIPALDKELKAKGKSALMFNLQEPYFTWPLIAADGGYAFKYAAGKYDIKDVGVDNAGAKAGLTFLVDLIKNKHMNADTDYSIAEAAFNKGETAMTINGPWAWSNIDTSAVNYGVTVLPTFKGQPSKPFVGVLSAGINAASPNKELAKEFLENYLLTDEGLEAVNKDKPLGAVALKSYEEELAKDPRIAATMENAQKGEIMPNIPQMSAFWYAVRTAVINAASGRQTVDEALKDAQTLNVTLQGPTLNGTFAQSKCPQVEWLGWLNTIQPPFLWVLFVLATLENIFVLSVFCLHKSSCTVAEIYLGNLAAADLILACGLPFWAITISNNFDWLFGETLCRVVNAIISMNLYSSICFLMLVSIDRYLALVKTMSMGRMRGVRWAKLYSLVIWGCTLLLSSPMLVFRTMKEYSDEGHNVTACVISYPSLIWEVFTNMLLNVVGFLLPLSVITFCTMQIMQVLRNNEMQKFKEIQTERRATVLVLVVLLLFIICWLPFQISTFLDTLHRLGILSSCQDERIIDVITQIASFMAYSNSCLNPLVYVIVGKRFRKKSWEVYQGVCQKGGCRSEPIQMENSMGTLRTSISVERQIHKLQDWAGSRQ,https://dx.doi.org/10.1038/S41467-022-28399-1,2022-01-05,RPPGFSPF,MFSPWKISMFLSVREDSVPTTASFSADMLNVTLQGPTLNGTFAQSKCPQVEWLGWLNTIQPPFLWVLFVLATLENIFVLSVFCLHKSSCTVAEIYLGNLAAADLILACGLPFWAITISNNFDWLFGETLCRVVNAIISMNLYSSICFLMLVSIDRYLALVKTMSMGRMRGVRWAKLYSLVIWGCTLLLSSPMLVFRTMKEYSDEGHNVTACVISYPSLIWEVFTNMLLNVVGFLLPLSVITFCTMQIMQVLRNNEMQKFKEIQTERRATVLVLVVLLLFIICWLPFQISTFLDTLHRLGILSSCQDERIIDVITQIASFMAYSNSCLNPLVYVIVGKRFRKKSWEVYQGVCQKGGCRSEPIQMENSMGTLRTSISVERQIHKLQDWAGSRQ,646,bkrb2_human___646,2
38,0.613109708728121,0.6024649398716733,0.656934306569343,2.154996322621417,3.485941814315636,0.625,45,72,0.3076923076923077,20,65,0,305,10,receptor,ligand,A,B,AF2 (no templates),7F6I,bkrb2_human,P30411,Class A (Rhodopsin),Bradykinin receptors,2.8,Electron microscopy,Active,kallidin,L,KRPPGFSPFR,A,MKTIIALSYIFCLVFADYKDDDDKHHHHHHHHHHENLYFQGKIEEGKLVIWINGDKGYNGLAEVGKKFEKDTGIKVTVEHPDKLEEKFPQVAATGDGPDIIFWAHDRFGGYAQSGLLAEITPDKAFQDKLYPFTWDAVRYNGKLIAYPIAVEALSLIYNKDLLPNPPKTWEEIPALDKELKAKGKSALMFNLQEPYFTWPLIAADGGYAFKYAAGKYDIKDVGVDNAGAKAGLTFLVDLIKNKHMNADTDYSIAEAAFNKGETAMTINGPWAWSNIDTSAVNYGVTVLPTFKGQPSKPFVGVLSAGINAASPNKELAKEFLENYLLTDEGLEAVNKDKPLGAVALKSYEEELAKDPRIAATMENAQKGEIMPNIPQMSAFWYAVRTAVINAASGRQTVDEALKDAQTLNVTLQGPTLNGTFAQSKCPQVEWLGWLNTIQPPFLWVLFVLATLENIFVLSVFCLHKSSCTVAEIYLGNLAAADLILACGLPFWAITISNNFDWLFGETLCRVVNAIISMNLYSSICFLMLVSIDRYLALVKTMSMGRMRGVRWAKLYSLVIWGCTLLLSSPMLVFRTMKEYSDEGHNVTACVISYPSLIWEVFTNMLLNVVGFLLPLSVITFCTMQIMQVLRNNEMQKFKEIQTERRATVLVLVVLLLFIICWLPFQISTFLDTLHRLGILSSCQDERIIDVITQIASFMAYSNSCLNPLVYVIVGKRFRKKSWEVYQGVCQKGGCRSEPIQMENSMGTLRTSISVERQIHKLQDWAGSRQ,https://dx.doi.org/10.1038/S41467-022-28399-1,2022-01-05,RPPGFSPF,MFSPWKISMFLSVREDSVPTTASFSADMLNVTLQGPTLNGTFAQSKCPQVEWLGWLNTIQPPFLWVLFVLATLENIFVLSVFCLHKSSCTVAEIYLGNLAAADLILACGLPFWAITISNNFDWLFGETLCRVVNAIISMNLYSSICFLMLVSIDRYLALVKTMSMGRMRGVRWAKLYSLVIWGCTLLLSSPMLVFRTMKEYSDEGHNVTACVISYPSLIWEVFTNMLLNVVGFLLPLSVITFCTMQIMQVLRNNEMQKFKEIQTERRATVLVLVVLLLFIICWLPFQISTFLDTLHRLGILSSCQDERIIDVITQIASFMAYSNSCLNPLVYVIVGKRFRKKSWEVYQGVCQKGGCRSEPIQMENSMGTLRTSISVERQIHKLQDWAGSRQ,646,bkrb2_human___646,3
39,0.0785706806124414,0.0704386674111213,0.064,11.338779113460768,19.883398107382547,0.0396039603960396,4,101,0.8333333333333334,20,24,3,293,74,receptor,ligand,A,B,RF-AA (no templates),7Y64,c5ar1_human,P21730,Class A (Rhodopsin),Complement peptide receptors,2.9,Electron microscopy,Active,C5a anaphylatoxin,E,TLQKKIEEIAAKYKHSVVKKCCYDGARVNNDETCEQRAARISLGPRCIKAFTECCVVASQLRANISHKDMQLGR,D,MDSFNYTTPDYGHYDDKDTLDLNTPVDKTSNTLRVPDILALVIFAVVFLVGVLGNALVVWVTAFEAKRTINAIWFLNLAVADFLSCLALPILFTSIVQHHHWPFGGAACSILPSLILLNMYASILLLATISADRFLLVFKPIWCQNFRGAGLAWIACAVAWGLALLLTIPSFLYRVVREEYFPPKVLCGVDYSHDKRRERAVAIVRLVLGFLWPLLTLTICYTFILLRTWSRRATRSTKTLKVVVAVVASFFIFWLPYQVTGIMMSFLEPSSPTFLLLKKLDSLCVSFAYINCCINPIIYVVAGQGFQGRLRKSLPSLLRNVLTEESVVRHHHHHHHHH,https://dx.doi.org/10.1038/S41422-023-00779-2,2023-03-01,TLQKKIEEIAAKYKHSVVKKCCYDGACVNNDETCEQRAARISLGPRCIKAFTECCVVASQLRANISHKDMQLGR,MDSFNYTTPDYGHYDDKDTLDLNTPVDKTSNTLRVPDILALVIFAVVFLVGVLGNALVVWVTAFEAKRTINAIWFLNLAVADFLSCLALPILFTSIVQHHHWPFGGAACSILPSLILLNMYASILLLATISADRFLLVFKPIWCQNFRGAGLAWIACAVAWGLALLLTIPSFLYRVVREEYFPPKVLCGVDYSHDKRRERAVAIVRLVLGFLWPLLTLTICYTFILLRTWSRRATRSTKTLKVVVAVVASFFIFWLPYQVTGIMMSFLEPSSPTFLLLKKLDSLCVSFAYINCCINPIIYVVAGQGFQGRLRKSLPSLLRNVLTEESVVRESKSFTRSTVDTMAQKTQAV,573,c5ar1_human___573,9
40,0.7162685408527656,0.7544702150974434,0.7467811158798283,1.5715820718028342,2.4148277498524515,0.8613861386138614,87,101,0.3409090909090909,45,132,0,293,74,receptor,ligand,A,B,AF2 (no templates),7Y64,c5ar1_human,P21730,Class A (Rhodopsin),Complement peptide receptors,2.9,Electron microscopy,Active,C5a anaphylatoxin,E,TLQKKIEEIAAKYKHSVVKKCCYDGARVNNDETCEQRAARISLGPRCIKAFTECCVVASQLRANISHKDMQLGR,D,MDSFNYTTPDYGHYDDKDTLDLNTPVDKTSNTLRVPDILALVIFAVVFLVGVLGNALVVWVTAFEAKRTINAIWFLNLAVADFLSCLALPILFTSIVQHHHWPFGGAACSILPSLILLNMYASILLLATISADRFLLVFKPIWCQNFRGAGLAWIACAVAWGLALLLTIPSFLYRVVREEYFPPKVLCGVDYSHDKRRERAVAIVRLVLGFLWPLLTLTICYTFILLRTWSRRATRSTKTLKVVVAVVASFFIFWLPYQVTGIMMSFLEPSSPTFLLLKKLDSLCVSFAYINCCINPIIYVVAGQGFQGRLRKSLPSLLRNVLTEESVVRHHHHHHHHH,https://dx.doi.org/10.1038/S41422-023-00779-2,2023-03-01,TLQKKIEEIAAKYKHSVVKKCCYDGACVNNDETCEQRAARISLGPRCIKAFTECCVVASQLRANISHKDMQLGR,MDSFNYTTPDYGHYDDKDTLDLNTPVDKTSNTLRVPDILALVIFAVVFLVGVLGNALVVWVTAFEAKRTINAIWFLNLAVADFLSCLALPILFTSIVQHHHWPFGGAACSILPSLILLNMYASILLLATISADRFLLVFKPIWCQNFRGAGLAWIACAVAWGLALLLTIPSFLYRVVREEYFPPKVLCGVDYSHDKRRERAVAIVRLVLGFLWPLLTLTICYTFILLRTWSRRATRSTKTLKVVVAVVASFFIFWLPYQVTGIMMSFLEPSSPTFLLLKKLDSLCVSFAYINCCINPIIYVVAGQGFQGRLRKSLPSLLRNVLTEESVVRESKSFTRSTVDTMAQKTQAV,573,c5ar1_human___573,2
41,0.197570697595382,0.2001530637238193,0.2899628252788104,6.809990889361735,14.472418641705811,0.2977099236641221,39,131,0.717391304347826,99,138,21,369,37,receptor,ligand,A,B,RF-AA (no templates),8F0K,calcr_human,P30988,Class B1 (Secretin),Calcitonin receptors,1.9,Electron microscopy,Active,San385,P,KCNTATCATQRLANFLVHKSNNFGPILPPTNVGSNTY,R,MKTIIALSYIFCLVFADYKDDDDLEVLFQGPAAFSNQTYPTIEPKPFLYVVGRKKMMDAQYKCYDRMQQLPAYQGEGPYCNRTWDGWLCWDDTPAGVLSYQFCPDYFPDFDPSEKVTKYCDEKGVWFKHPENNRTWSNYTMCNAFTPEKLKNAYVLYYLAIVGHSLSIFTLVISLGIFVFFRSLGCQRVTLHKNMFLTYILNSMIIIIHLVEVVPNGELVRRDPVSCKILHFFHQYMMACNYFWMLCEGIYLHTLIVVAVFTEKQRLRWYYLLGWGFPLVPTTIHAITRAVYFNDNCWLSVETHLLYIIHGPVMAALVVNFFFLLNIVRVLVTKMRETHEAESHMYLKAVKATMILVPLLGIQFVVFPWRPSNKMLGKIYDYVMHSLIHFQGFFVATIYCFCNNEVQTTVKRQWAQFKIQWNQRWGRRPSNRSARAAAAAAEAGDIPIYICHQELRNEPANNQGEESAEIIPLNIIEQESSAPAGLEVLFQGPHHHHHHHH,https://dx.doi.org/10.1038/S41589-023-01393-4,2023-08-02,KCNTATCATQRLANFLVHSSNNFGAILSSTNVGSNTY,MRFTFTSRCLALFLLLNHPTPILPAFSNQTYPTIEPKPFLYVVGRKKMMDAQYKCYDRMQQLPAYQGEGPYCNRTWDGWLCWDDTPAGVLSYQFCPDYFPDFDPSEKVTKYCDEKGVWFKHPENNRTWSNYTMCNAFTPEKLKNAYVLYYLAIVGHSLSIFTLVISLGIFVFFRSLGCQRVTLHKNMFLTYILNSMIIIIHLVEVVPNGELVRRDPVSCKILHFFHQYMMACNYFWMLCEGIYLHTLIVVAVFTEKQRLRWYYLLGWGFPLVPTTIHAITRAVYFNDNCWLSVETHLLYIIHGPVMAALVVNFFFLLNIVRVLVTKMRETHEAESHMYLKAVKATMILVPLLGIQFVVFPWRPSNKMLGKIYDYVMHSLIHFQGFFVATIYCFCNNEVQTTVKRQWAQFKIQWNQRWGRRPSNRSARAAAAAAEAGDIPIYICHQELRNEPANNQGEESAEIIPLNIIEQESSA,687,calcr_human___687,3
42,0.744524150082318,0.7489244638438212,0.8646616541353384,1.6637511276490862,2.497459522975386,0.8778625954198473,115,131,0.1481481481481481,20,135,0,369,37,receptor,ligand,A,B,AF2 (no templates),8F0K,calcr_human,P30988,Class B1 (Secretin),Calcitonin receptors,1.9,Electron microscopy,Active,San385,P,KCNTATCATQRLANFLVHKSNNFGPILPPTNVGSNTY,R,MKTIIALSYIFCLVFADYKDDDDLEVLFQGPAAFSNQTYPTIEPKPFLYVVGRKKMMDAQYKCYDRMQQLPAYQGEGPYCNRTWDGWLCWDDTPAGVLSYQFCPDYFPDFDPSEKVTKYCDEKGVWFKHPENNRTWSNYTMCNAFTPEKLKNAYVLYYLAIVGHSLSIFTLVISLGIFVFFRSLGCQRVTLHKNMFLTYILNSMIIIIHLVEVVPNGELVRRDPVSCKILHFFHQYMMACNYFWMLCEGIYLHTLIVVAVFTEKQRLRWYYLLGWGFPLVPTTIHAITRAVYFNDNCWLSVETHLLYIIHGPVMAALVVNFFFLLNIVRVLVTKMRETHEAESHMYLKAVKATMILVPLLGIQFVVFPWRPSNKMLGKIYDYVMHSLIHFQGFFVATIYCFCNNEVQTTVKRQWAQFKIQWNQRWGRRPSNRSARAAAAAAEAGDIPIYICHQELRNEPANNQGEESAEIIPLNIIEQESSAPAGLEVLFQGPHHHHHHHH,https://dx.doi.org/10.1038/S41589-023-01393-4,2023-08-02,KCNTATCATQRLANFLVHSSNNFGAILSSTNVGSNTY,MRFTFTSRCLALFLLLNHPTPILPAFSNQTYPTIEPKPFLYVVGRKKMMDAQYKCYDRMQQLPAYQGEGPYCNRTWDGWLCWDDTPAGVLSYQFCPDYFPDFDPSEKVTKYCDEKGVWFKHPENNRTWSNYTMCNAFTPEKLKNAYVLYYLAIVGHSLSIFTLVISLGIFVFFRSLGCQRVTLHKNMFLTYILNSMIIIIHLVEVVPNGELVRRDPVSCKILHFFHQYMMACNYFWMLCEGIYLHTLIVVAVFTEKQRLRWYYLLGWGFPLVPTTIHAITRAVYFNDNCWLSVETHLLYIIHGPVMAALVVNFFFLLNIVRVLVTKMRETHEAESHMYLKAVKATMILVPLLGIQFVVFPWRPSNKMLGKIYDYVMHSLIHFQGFFVATIYCFCNNEVQTTVKRQWAQFKIQWNQRWGRRPSNRSARAAAAAAEAGDIPIYICHQELRNEPANNQGEESAEIIPLNIIEQESSA,687,calcr_human___687,1
43,0.0088716387530901,0.0088716387530901,0.0,15.25132682421097,64.56898563745601,0.0,0,29,0.0,0,0,0,263,5,receptor,ligand,A,B,RF-AA (no templates),7VV0,mrgx2_human,Q96LB1,Class A (Rhodopsin),Class A orphans,3.5,Electron microscopy,Active,PAMP-12,L,FRKKWNKWALSR,R,MDPTTPAWGTESTTVNGNDQALLLLCGKETLIPVFLILFIALVGLVGNGFVLWLLGFRMRRNAFSVYVLSLAGADFLFLCFQIINCLVYLSNFFCSISINFPSFFTTVMTCAYLAGLSMLSTVSTERCLSVLWPIWYRCRRPRHLSAVVCVLLWALSLLLSILEGKFCGFLFSDGDSGWCQTFDFITAAWLIFLFMVLCGSSLALLVRILCGSRGLPLTRLYLTILLTVLVFLLCGLPFGIQWFLILWIWKDSDVLFCHIHPVSVVLSSLNSSANPIIYFFVGSFRKQWRLQQPILKLALQRALQDIAEVDHSEGCFRQGTPEMSRSSLV,https://dx.doi.org/10.1038/S41586-021-04077-Y,2021-12-01,ARLDVASEFRKKWNKWALSR,MDPTTPAWGTESTTVNGNDQALLLLCGKETLIPVFLILFIALVGLVGNGFVLWLLGFRMRRNAFSVYVLSLAGADFLFLCFQIINCLVYLSNFFCSISINFPSFFTTVMTCAYLAGLSMLSTVSTERCLSVLWPIWYRCRRPRHLSAVVCVLLWALSLLLSILEGKFCGFLFSDGDSGWCQTFDFITAAWLIFLFMVLCGSSLALLVRILCGSRGLPLTRLYLTILLTVLVFLLCGLPFGIQWFLILWIWKDSDVLFCHIHPVSVVLSSLNSSANPIIYFFVGSFRKQWRLQQPILKLALQRALQDIAEVDHSEGCFRQGTPEMSRSSLV,4057,mrgx2_human___4057,5
44,0.364961127353071,0.3641545131163298,0.1403508771929824,2.0223935198070078,6.945323938074981,0.1379310344827586,4,29,0.8571428571428571,24,28,0,263,5,receptor,ligand,A,B,AF2 (no templates),7VV0,mrgx2_human,Q96LB1,Class A (Rhodopsin),Class A orphans,3.5,Electron microscopy,Active,PAMP-12,L,FRKKWNKWALSR,R,MDPTTPAWGTESTTVNGNDQALLLLCGKETLIPVFLILFIALVGLVGNGFVLWLLGFRMRRNAFSVYVLSLAGADFLFLCFQIINCLVYLSNFFCSISINFPSFFTTVMTCAYLAGLSMLSTVSTERCLSVLWPIWYRCRRPRHLSAVVCVLLWALSLLLSILEGKFCGFLFSDGDSGWCQTFDFITAAWLIFLFMVLCGSSLALLVRILCGSRGLPLTRLYLTILLTVLVFLLCGLPFGIQWFLILWIWKDSDVLFCHIHPVSVVLSSLNSSANPIIYFFVGSFRKQWRLQQPILKLALQRALQDIAEVDHSEGCFRQGTPEMSRSSLV,https://dx.doi.org/10.1038/S41586-021-04077-Y,2021-12-01,ARLDVASEFRKKWNKWALSR,MDPTTPAWGTESTTVNGNDQALLLLCGKETLIPVFLILFIALVGLVGNGFVLWLLGFRMRRNAFSVYVLSLAGADFLFLCFQIINCLVYLSNFFCSISINFPSFFTTVMTCAYLAGLSMLSTVSTERCLSVLWPIWYRCRRPRHLSAVVCVLLWALSLLLSILEGKFCGFLFSDGDSGWCQTFDFITAAWLIFLFMVLCGSSLALLVRILCGSRGLPLTRLYLTILLTVLVFLLCGLPFGIQWFLILWIWKDSDVLFCHIHPVSVVLSSLNSSANPIIYFFVGSFRKQWRLQQPILKLALQRALQDIAEVDHSEGCFRQGTPEMSRSSLV,4057,mrgx2_human___4057,3
45,0.301180847323298,0.2999370662287706,0.2537313432835821,3.0657318286671216,9.271736642888904,0.25,17,68,0.7424242424242424,49,66,3,288,11,receptor,ligand,A,B,RF-AA (no templates),7P00,nk1r_human,P25103,Class A (Rhodopsin),Tachykinin receptors,2.71,Electron microscopy,Active,substance P,P,RPKPQQFFGLM,R,MKFLVNVALVFMVVYISYIYADYKDDDDKHHHHHHHHHHLEVLFQGPMDNVLPVDSDLSPNISTNTSEPNQFVQPAWQIVLWAAAYTVIVVTSVVGNVVVMWIILAHKRMRTVTNYFLVNLAFAEASMAAFNTVVNFTYAVHNEWYYGLFYCKFHNFFPIAAVFASIYSMTAVAFDRYMAIIHPLQPRLSATATKVVICVIWVLALLLAFPQGYYSTTETMPSRVVCMIEWPEHPNKIYEKVYHICVTVLIYFLPLLVIGYAYTVVGITLWASEIPGDSSDRYHEQVSAKRKVVKMMIVVVCTFAICWLPFHIFFLLPYINPDLYLKKFIQQVYLAIMWLAMSSTMYNPIIYCCLNDRFRLGFKHAFRCCPFISAGDYEGLE,,2021-12-15,RPKPQQFFGLM,MDNVLPVDSDLSPNISTNTSEPNQFVQPAWQIVLWAAAYTVIVVTSVVGNVVVMWIILAHKRMRTVTNYFLVNLAFAEASMAAFNTVVNFTYAVHNEWYYGLFYCKFHNFFPIAAVFASIYSMTAVAFDRYMAIIHPLQPRLSATATKVVICVIWVLALLLAFPQGYYSTTETMPSRVVCMIEWPEHPNKIYEKVYHICVTVLIYFLPLLVIGYAYTVVGITLWASEIPGDSSDRYHEQVSAKRKVVKMMIVVVCTFAICWLPFHIFFLLPYINPDLYLKKFIQQVYLAIMWLAMSSTMYNPIIYCCLNDRFRLGFKHAFRCCPFISAGDYEGLEMKSTRYLQTQGSVYKVSRLETTISTVVGAHEEEPEDGPKATPSSLDLTSNCSSRSDSKTMTESFSFSSNVLS,2098,nk1r_human___2098,2
46,0.8799211090414362,0.8799211090414362,0.8382352941176471,0.6831396304646165,1.4075307389174618,0.8382352941176471,57,68,0.1617647058823529,11,68,0,288,11,receptor,ligand,A,B,AF2 (no templates),7P00,nk1r_human,P25103,Class A (Rhodopsin),Tachykinin receptors,2.71,Electron microscopy,Active,substance P,P,RPKPQQFFGLM,R,MKFLVNVALVFMVVYISYIYADYKDDDDKHHHHHHHHHHLEVLFQGPMDNVLPVDSDLSPNISTNTSEPNQFVQPAWQIVLWAAAYTVIVVTSVVGNVVVMWIILAHKRMRTVTNYFLVNLAFAEASMAAFNTVVNFTYAVHNEWYYGLFYCKFHNFFPIAAVFASIYSMTAVAFDRYMAIIHPLQPRLSATATKVVICVIWVLALLLAFPQGYYSTTETMPSRVVCMIEWPEHPNKIYEKVYHICVTVLIYFLPLLVIGYAYTVVGITLWASEIPGDSSDRYHEQVSAKRKVVKMMIVVVCTFAICWLPFHIFFLLPYINPDLYLKKFIQQVYLAIMWLAMSSTMYNPIIYCCLNDRFRLGFKHAFRCCPFISAGDYEGLE,,2021-12-15,RPKPQQFFGLM,MDNVLPVDSDLSPNISTNTSEPNQFVQPAWQIVLWAAAYTVIVVTSVVGNVVVMWIILAHKRMRTVTNYFLVNLAFAEASMAAFNTVVNFTYAVHNEWYYGLFYCKFHNFFPIAAVFASIYSMTAVAFDRYMAIIHPLQPRLSATATKVVICVIWVLALLLAFPQGYYSTTETMPSRVVCMIEWPEHPNKIYEKVYHICVTVLIYFLPLLVIGYAYTVVGITLWASEIPGDSSDRYHEQVSAKRKVVKMMIVVVCTFAICWLPFHIFFLLPYINPDLYLKKFIQQVYLAIMWLAMSSTMYNPIIYCCLNDRFRLGFKHAFRCCPFISAGDYEGLEMKSTRYLQTQGSVYKVSRLETTISTVVGAHEEEPEDGPKATPSSLDLTSNCSSRSDSKTMTESFSFSSNVLS,2098,nk1r_human___2098,1
47,0.6074809099848801,0.5961718104362937,0.591304347826087,1.7827213439168617,4.027845441211264,0.5573770491803278,34,61,0.3703703703703703,20,54,0,280,21,receptor,ligand,A,B,RF-AA (no templates),7VGX,npy1r_human,P25929,Class A (Rhodopsin),Neuropeptide Y receptors,3.2,Electron microscopy,Active,neuropeptide Y,L,YPSKPDNPGEDAPAEDMARYYSALRHYINLITRQRY,R,DYKDDDDAIDMNSTLFSQVENHSVHSNFSEKNAQLLAFENDDCHLPLAMIFTLALAYGAVIILGVSGNLALIIIILKQKEMRNVTNILIVNLSFSDLLVAIMCLPFTFVYTLMDHWVFGEAMCKLNPFVQCVSITVSIFSLVLIAVERHQLIINPRGWRPNNRHAYVGIAVIWVLAVASSLPFLIYQVMTDEPFQNVTLDAYKDKYVCFDQFPSDSHRLSYTTLLLVLQYFGPLCFIFICYFKIYIRLKRRNNMMDKMRDNKYRSSETKRINIMLLSIVVAFAVCWLPLTIFNTVFDWNHQIIATCNHNLLFLLCHLTAMISTCVNPIFYGFLNKNFQRDLQFFFNFCDFRSRDDDYETIAMSTMHTDVSKTSLKQASPVAFKKINNNDDNEKIASLEVLFQ,https://dx.doi.org/10.1038/S41467-022-28510-6,2022-02-23,YPSKPDNPGEDAPAEDMARYYSALRHYINLITRQRY,MNSTLFSQVENHSVHSNFSEKNAQLLAFENDDCHLPLAMIFTLALAYGAVIILGVSGNLALIIIILKQKEMRNVTNILIVNLSFSDLLVAIMCLPFTFVYTLMDHWVFGEAMCKLNPFVQCVSITVSIFSLVLIAVERHQLIINPRGWRPNNRHAYVGIAVIWVLAVASSLPFLIYQVMTDEPFQNVTLDAYKDKYVCFDQFPSDSHRLSYTTLLLVLQYFGPLCFIFICYFKIYIRLKRRNNMMDKMRDNKYRSSETKRINIMLLSIVVAFAVCWLPLTIFNTVFDWNHQIIATCNHNLLFLLCHLTAMISTCVNPIFYGFLNKNFQRDLQFFFNFCDFRSRDDDYETIAMSTMHTDVSKTSLKQASPVAFKKINNNDDNEKI,1504,npy1r_human___1504,1
48,0.708194081417426,0.7206480145728459,0.6511627906976745,1.3994184216226897,2.170791392247632,0.6885245901639344,42,61,0.3823529411764705,26,68,0,280,21,receptor,ligand,A,B,AF2 (no templates),7VGX,npy1r_human,P25929,Class A (Rhodopsin),Neuropeptide Y receptors,3.2,Electron microscopy,Active,neuropeptide Y,L,YPSKPDNPGEDAPAEDMARYYSALRHYINLITRQRY,R,DYKDDDDAIDMNSTLFSQVENHSVHSNFSEKNAQLLAFENDDCHLPLAMIFTLALAYGAVIILGVSGNLALIIIILKQKEMRNVTNILIVNLSFSDLLVAIMCLPFTFVYTLMDHWVFGEAMCKLNPFVQCVSITVSIFSLVLIAVERHQLIINPRGWRPNNRHAYVGIAVIWVLAVASSLPFLIYQVMTDEPFQNVTLDAYKDKYVCFDQFPSDSHRLSYTTLLLVLQYFGPLCFIFICYFKIYIRLKRRNNMMDKMRDNKYRSSETKRINIMLLSIVVAFAVCWLPLTIFNTVFDWNHQIIATCNHNLLFLLCHLTAMISTCVNPIFYGFLNKNFQRDLQFFFNFCDFRSRDDDYETIAMSTMHTDVSKTSLKQASPVAFKKINNNDDNEKIASLEVLFQ,https://dx.doi.org/10.1038/S41467-022-28510-6,2022-02-23,YPSKPDNPGEDAPAEDMARYYSALRHYINLITRQRY,MNSTLFSQVENHSVHSNFSEKNAQLLAFENDDCHLPLAMIFTLALAYGAVIILGVSGNLALIIIILKQKEMRNVTNILIVNLSFSDLLVAIMCLPFTFVYTLMDHWVFGEAMCKLNPFVQCVSITVSIFSLVLIAVERHQLIINPRGWRPNNRHAYVGIAVIWVLAVASSLPFLIYQVMTDEPFQNVTLDAYKDKYVCFDQFPSDSHRLSYTTLLLVLQYFGPLCFIFICYFKIYIRLKRRNNMMDKMRDNKYRSSETKRINIMLLSIVVAFAVCWLPLTIFNTVFDWNHQIIATCNHNLLFLLCHLTAMISTCVNPIFYGFLNKNFQRDLQFFFNFCDFRSRDDDYETIAMSTMHTDVSKTSLKQASPVAFKKINNNDDNEKI,1504,npy1r_human___1504,1
49,0.6212556646528364,0.6145889979861697,0.52,1.6139116300392555,3.1343783225501145,0.5,26,52,0.4583333333333333,22,48,3,285,9,receptor,ligand,A,B,RF-AA (no templates),7RYC,oxyr_human,P30559,Class A (Rhodopsin),Vasopressin and oxytocin receptors,2.9,Electron microscopy,Active,oxytocin,L,CYIQNCPLG,O,MKTIIALSYIFCLVFADYKDDDDAMGQPGNGSAFLLAPNRSHAPDHDVENLYFQGMEGALAANWSAEAANASAAPPGAEGNRTAGPPRRNEALARVEVAVLCLILLLALSGNACVLLALRTTRQKHSRLFFFMKHLSIADLVVAVFQVLPQLLWDITFRFYGPDLLCRLVKYLQVVGMFASTYLLLLMSLDRCLAICQPLRSLRRRTDRLAVLATWLGCLVASAPQVHIFSLREVADGVFDCWAVFIQPWGPKAYITWITLAVYIVPVIVLAACYGLISFKIWQNLRLKTAAAAAAEAPEGAAAGDGGRVALARVSSVKLISKAKIRTVKMTFIIVLAFIVCWTPFFFVQMWSVWDANAPKEASAFIIVMLLASLNSCCNPWIYMLFTGHLFHELVQRFLCCSASYLKGRRLGETSASKKSNSSSFVLSHRSSSQRSCSQPSTALEVLFQ,https://dx.doi.org/10.1038/S41594-022-00728-4,2022-03-09,CYIQNCPLG,MEGALAANWSAEAANASAAPPGAEGNRTAGPPRRNEALARVEVAVLCLILLLALSGNACVLLALRTTRQKHSRLFFFMKHLSIADLVVAVFQVLPQLLWDITFRFYGPDLLCRLVKYLQVVGMFASTYLLLLMSLDRCLAICQPLRSLRRRTDRLAVLATWLGCLVASAPQVHIFSLREVADGVFDCWAVFIQPWGPKAYITWITLAVYIVPVIVLAACYGLISFKIWQNLRLKTAAAAAAEAPEGAAAGDGGRVALARVSSVKLISKAKIRTVKMTFIIVLAFIVCWTPFFFVQMWSVWDANAPKEASAFIIVMLLASLNSCCNPWIYMLFTGHLFHELVQRFLCCSASYLKGRRLGETSASKKSNSSSFVLSHRSSSQRSCSQPSTA,2174,oxyr_human___2174,2
50,0.7619957871506692,0.7978932230481051,0.7,1.1167094687855643,2.0978139403269576,0.8076923076923077,42,52,0.3823529411764705,26,68,0,285,9,receptor,ligand,A,B,AF2 (no templates),7RYC,oxyr_human,P30559,Class A (Rhodopsin),Vasopressin and oxytocin receptors,2.9,Electron microscopy,Active,oxytocin,L,CYIQNCPLG,O,MKTIIALSYIFCLVFADYKDDDDAMGQPGNGSAFLLAPNRSHAPDHDVENLYFQGMEGALAANWSAEAANASAAPPGAEGNRTAGPPRRNEALARVEVAVLCLILLLALSGNACVLLALRTTRQKHSRLFFFMKHLSIADLVVAVFQVLPQLLWDITFRFYGPDLLCRLVKYLQVVGMFASTYLLLLMSLDRCLAICQPLRSLRRRTDRLAVLATWLGCLVASAPQVHIFSLREVADGVFDCWAVFIQPWGPKAYITWITLAVYIVPVIVLAACYGLISFKIWQNLRLKTAAAAAAEAPEGAAAGDGGRVALARVSSVKLISKAKIRTVKMTFIIVLAFIVCWTPFFFVQMWSVWDANAPKEASAFIIVMLLASLNSCCNPWIYMLFTGHLFHELVQRFLCCSASYLKGRRLGETSASKKSNSSSFVLSHRSSSQRSCSQPSTALEVLFQ,https://dx.doi.org/10.1038/S41594-022-00728-4,2022-03-09,CYIQNCPLG,MEGALAANWSAEAANASAAPPGAEGNRTAGPPRRNEALARVEVAVLCLILLLALSGNACVLLALRTTRQKHSRLFFFMKHLSIADLVVAVFQVLPQLLWDITFRFYGPDLLCRLVKYLQVVGMFASTYLLLLMSLDRCLAICQPLRSLRRRTDRLAVLATWLGCLVASAPQVHIFSLREVADGVFDCWAVFIQPWGPKAYITWITLAVYIVPVIVLAACYGLISFKIWQNLRLKTAAAAAAEAPEGAAAGDGGRVALARVSSVKLISKAKIRTVKMTFIIVLAFIVCWTPFFFVQMWSVWDANAPKEASAFIIVMLLASLNSCCNPWIYMLFTGHLFHELVQRFLCCSASYLKGRRLGETSASKKSNSSSFVLSHRSSSQRSCSQPSTA,2174,oxyr_human___2174,1
51,0.0088892454643835,0.0088892454643835,0.0,18.507332875922224,59.286089445887,0.0,0,71,1.0,8,8,1,287,14,receptor,ligand,A,B,RF-AA (no templates),7T10,ssr2_human,P30874,Class A (Rhodopsin),Somatostatin receptors,2.5,Electron microscopy,Active,SOMATOSTATIN,P,AGCKNFFWKTFTSC,R,DYKDDDDAMGQPGNGSAFLLAPNRSHAPDHDVENLYFQGMDMADEPLNGSHTWLSIPFDLNGSVVSTNTSNQTEPYYDLTSNAVLTFIYFVVCIIGLCGNTLVIYVILRYAKMKTITNIYILNLAIADELFMLGLPFLAMQVALVHWPFGKAICRVVMTVDGINQFTSIFCLTVMSIDRYLAVVHPIKSAKWRRPRTAKMITMAVWGVSLLVILPIMIYAGLRSNQWGRSSCTINWPGESGAWYTGFIIYTFILGFLVPLTIICLCYLFIIIKVKSVRLLSGSREKDRNLRKVTRMVSIVVAVFIFCWLPFYIFNVSSVSMAISPTPALKGMFDFVVVLTYANSCANPILYAFLSDNFKKSFQNVLCLVKVSGTDDGERSDSKQDKSRLNETTETQRTLLNGDLQTSI,https://dx.doi.org/10.1038/S41594-022-00727-5,2022-03-09,AGCKNFFWKTFTSC,MDMADEPLNGSHTWLSIPFDLNGSVVSTNTSNQTEPYYDLTSNAVLTFIYFVVCIIGLCGNTLVIYVILRYAKMKTITNIYILNLAIADELFMLGLPFLAMQVALVHWPFGKAICRVVMTVDGINQFTSIFCLTVMSIDRYLAVVHPIKSAKWRRPRTAKMITMAVWGVSLLVILPIMIYAGLRSNQWGRSSCTINWPGESGAWYTGFIIYTFILGFLVPLTIICLCYLFIIIKVKSSGIRVGSSKRKKSEKKVTRMVSIVVAVFIFCWLPFYIFNVSSVSMAISPTPALKGMFDFVVVLTYANSCANPILYAFLSDNFKKSFQNVLCLVKVSGTDDGERSDSKQDKSRLNETTETQRTLLNGDLQTSI,2019,ssr2_human___2019,2
52,0.7490555074792112,0.7378707518868334,0.7941176470588235,1.4283842955256496,2.356829610050004,0.7605633802816901,54,71,0.1692307692307692,11,65,0,287,14,receptor,ligand,A,B,AF2 (no templates),7T10,ssr2_human,P30874,Class A (Rhodopsin),Somatostatin receptors,2.5,Electron microscopy,Active,SOMATOSTATIN,P,AGCKNFFWKTFTSC,R,DYKDDDDAMGQPGNGSAFLLAPNRSHAPDHDVENLYFQGMDMADEPLNGSHTWLSIPFDLNGSVVSTNTSNQTEPYYDLTSNAVLTFIYFVVCIIGLCGNTLVIYVILRYAKMKTITNIYILNLAIADELFMLGLPFLAMQVALVHWPFGKAICRVVMTVDGINQFTSIFCLTVMSIDRYLAVVHPIKSAKWRRPRTAKMITMAVWGVSLLVILPIMIYAGLRSNQWGRSSCTINWPGESGAWYTGFIIYTFILGFLVPLTIICLCYLFIIIKVKSVRLLSGSREKDRNLRKVTRMVSIVVAVFIFCWLPFYIFNVSSVSMAISPTPALKGMFDFVVVLTYANSCANPILYAFLSDNFKKSFQNVLCLVKVSGTDDGERSDSKQDKSRLNETTETQRTLLNGDLQTSI,https://dx.doi.org/10.1038/S41594-022-00727-5,2022-03-09,AGCKNFFWKTFTSC,MDMADEPLNGSHTWLSIPFDLNGSVVSTNTSNQTEPYYDLTSNAVLTFIYFVVCIIGLCGNTLVIYVILRYAKMKTITNIYILNLAIADELFMLGLPFLAMQVALVHWPFGKAICRVVMTVDGINQFTSIFCLTVMSIDRYLAVVHPIKSAKWRRPRTAKMITMAVWGVSLLVILPIMIYAGLRSNQWGRSSCTINWPGESGAWYTGFIIYTFILGFLVPLTIICLCYLFIIIKVKSSGIRVGSSKRKKSEKKVTRMVSIVVAVFIFCWLPFYIFNVSSVSMAISPTPALKGMFDFVVVLTYANSCANPILYAFLSDNFKKSFQNVLCLVKVSGTDDGERSDSKQDKSRLNETTETQRTLLNGDLQTSI,2019,ssr2_human___2019,1
