Protein_1,Protein_2,LIS,LIA,ipTM,Confidence,pTM,pLDDT,Model,Recycle,saved folder,pdb,pkl
A,B,0.711,12835,0.971,0.892,0.576,60.55,4,0,/projects/ilfgrid/data/Interspecies_GPCR_pipeline/3_models/AF-2.3.1/AF_model_StructuralBenchmark/updated_structural_benchmark/processed_data/seed_1/8HCQ/8HCQ,unrelaxed_model_4_multimer_v3_pred_0.pdb,result_model_4_multimer_v3_pred_0_filtered.pkl
A,B,0.69,12729,0.968,0.89,0.577,60.18,4,0,/projects/ilfgrid/data/Interspecies_GPCR_pipeline/3_models/AF-2.3.1/AF_model_StructuralBenchmark_no_templates/updated_structural_benchmark_no_templates/processed_data/seed_1/8HCQ/8HCQ,unrelaxed_model_4_multimer_v3_pred_0.pdb,result_model_4_multimer_v3_pred_0_filtered.pkl
A,B,0.647,7044,0.938,0.888,0.69,71.59,4,4,/projects/ilfgrid/data/Interspecies_GPCR_pipeline/3_models/AF-2.3.1/AF_model_StructuralBenchmark/updated_structural_benchmark/processed_data/seed_1/7T10/7T10,unrelaxed_model_4_multimer_v3_pred_4.pdb,result_model_4_multimer_v3_pred_4_filtered.pkl
A,B,0.636,39282,0.841,0.842,0.845,86.32,3,2,/projects/ilfgrid/data/Interspecies_GPCR_pipeline/3_models/AF-2.3.1/AF_model_StructuralBenchmark/updated_structural_benchmark/processed_data/seed_1/7VL9/7VL9,unrelaxed_model_3_multimer_v3_pred_2.pdb,result_model_3_multimer_v3_pred_2_filtered.pkl
A,B,0.62,38315,0.836,0.835,0.83,85.04,4,2,/projects/ilfgrid/data/Interspecies_GPCR_pipeline/3_models/AF-2.3.1/AF_model_StructuralBenchmark_no_templates/updated_structural_benchmark_no_templates/processed_data/seed_1/7VL9/7VL9,unrelaxed_model_4_multimer_v3_pred_2.pdb,result_model_4_multimer_v3_pred_2_filtered.pkl
A,B,0.617,4795,0.94,0.888,0.678,71.07,3,3,/projects/ilfgrid/data/Interspecies_GPCR_pipeline/3_models/AF-2.3.1/AF_model_StructuralBenchmark_no_templates/updated_structural_benchmark_no_templates/processed_data/seed_1/7RYC/7RYC,unrelaxed_model_3_multimer_v3_pred_3.pdb,result_model_3_multimer_v3_pred_3_filtered.pkl
A,B,0.608,19388,0.909,0.883,0.779,81.43,5,3,/projects/ilfgrid/data/Interspecies_GPCR_pipeline/3_models/AF-2.3.1/AF_model_StructuralBenchmark_no_templates/updated_structural_benchmark_no_templates/processed_data/seed_1/7YOO/7YOO,unrelaxed_model_5_multimer_v3_pred_3.pdb,result_model_5_multimer_v3_pred_3_filtered.pkl
A,B,0.607,18728,0.916,0.89,0.782,82.98,4,1,/projects/ilfgrid/data/Interspecies_GPCR_pipeline/3_models/AF-2.3.1/AF_model_StructuralBenchmark_no_templates/updated_structural_benchmark_no_templates/processed_data/seed_1/7YON/7YON,unrelaxed_model_4_multimer_v3_pred_1.pdb,result_model_4_multimer_v3_pred_1_filtered.pkl
A,B,0.607,4767,0.935,0.885,0.684,70.76,2,1,/projects/ilfgrid/data/Interspecies_GPCR_pipeline/3_models/AF-2.3.1/AF_model_StructuralBenchmark/updated_structural_benchmark/processed_data/seed_1/7RYC/7RYC,unrelaxed_model_2_multimer_v3_pred_1.pdb,result_model_2_multimer_v3_pred_1_filtered.pkl
A,B,0.605,19623,0.908,0.883,0.781,81.53,5,2,/projects/ilfgrid/data/Interspecies_GPCR_pipeline/3_models/AF-2.3.1/AF_model_StructuralBenchmark/updated_structural_benchmark/processed_data/seed_1/7YOO/7YOO,unrelaxed_model_5_multimer_v3_pred_2.pdb,result_model_5_multimer_v3_pred_2_filtered.pkl
A,B,0.604,7279,0.922,0.879,0.705,73.98,5,2,/projects/ilfgrid/data/Interspecies_GPCR_pipeline/3_models/AF-2.3.1/AF_model_StructuralBenchmark_no_templates/updated_structural_benchmark_no_templates/processed_data/seed_1/7T10/7T10,unrelaxed_model_5_multimer_v3_pred_2.pdb,result_model_5_multimer_v3_pred_2_filtered.pkl
A,B,0.604,9352,0.702,0.707,0.728,74.9,2,0,/projects/ilfgrid/data/Interspecies_GPCR_pipeline/3_models/AF-2.3.1/AF_model_StructuralBenchmark/updated_structural_benchmark/processed_data/seed_1/7WQ4/7WQ4,unrelaxed_model_2_multimer_v3_pred_0.pdb,result_model_2_multimer_v3_pred_0_filtered.pkl
A,B,0.601,9573,0.703,0.706,0.718,74.57,2,2,/projects/ilfgrid/data/Interspecies_GPCR_pipeline/3_models/AF-2.3.1/AF_model_StructuralBenchmark_no_templates/updated_structural_benchmark_no_templates/processed_data/seed_1/7WQ4/7WQ4,unrelaxed_model_2_multimer_v3_pred_2.pdb,result_model_2_multimer_v3_pred_2_filtered.pkl
A,B,0.601,9956,0.753,0.761,0.793,81.1,2,1,/projects/ilfgrid/data/Interspecies_GPCR_pipeline/3_models/AF-2.3.1/AF_model_StructuralBenchmark/updated_structural_benchmark/processed_data/seed_1/7WQ3/7WQ3,unrelaxed_model_2_multimer_v3_pred_1.pdb,result_model_2_multimer_v3_pred_1_filtered.pkl
A,B,0.598,4086,0.932,0.894,0.742,77.37,2,2,/projects/ilfgrid/data/Interspecies_GPCR_pipeline/3_models/AF-2.3.1/AF_model_StructuralBenchmark/updated_structural_benchmark/processed_data/seed_1/8X8N/8X8N,unrelaxed_model_2_multimer_v3_pred_2.pdb,result_model_2_multimer_v3_pred_2_filtered.pkl
A,B,0.598,18941,0.908,0.882,0.781,82.67,4,3,/projects/ilfgrid/data/Interspecies_GPCR_pipeline/3_models/AF-2.3.1/AF_model_StructuralBenchmark/updated_structural_benchmark/processed_data/seed_1/7YON/7YON,unrelaxed_model_4_multimer_v3_pred_3.pdb,result_model_4_multimer_v3_pred_3_filtered.pkl
A,B,0.595,5647,0.939,0.902,0.757,77.76,5,4,/projects/ilfgrid/data/Interspecies_GPCR_pipeline/3_models/AF-2.3.1/AF_model_StructuralBenchmark/updated_structural_benchmark/processed_data/seed_1/8H0P/8H0P,unrelaxed_model_5_multimer_v3_pred_4.pdb,result_model_5_multimer_v3_pred_4_filtered.pkl
A,B,0.595,9526,0.745,0.756,0.802,81.95,3,1,/projects/ilfgrid/data/Interspecies_GPCR_pipeline/3_models/AF-2.3.1/AF_model_StructuralBenchmark_no_templates/updated_structural_benchmark_no_templates/processed_data/seed_1/7WQ3/7WQ3,unrelaxed_model_3_multimer_v3_pred_1.pdb,result_model_3_multimer_v3_pred_1_filtered.pkl
A,B,0.592,19345,0.924,0.871,0.662,75.34,3,2,/projects/ilfgrid/data/Interspecies_GPCR_pipeline/3_models/AF-2.3.1/AF_model_StructuralBenchmark/updated_structural_benchmark/processed_data/seed_1/8YW4/8YW4,unrelaxed_model_3_multimer_v3_pred_2.pdb,result_model_3_multimer_v3_pred_2_filtered.pkl
A,B,0.588,6829,0.84,0.819,0.736,76.45,2,1,/projects/ilfgrid/data/Interspecies_GPCR_pipeline/3_models/AF-2.3.1/AF_model_StructuralBenchmark/updated_structural_benchmark/processed_data/seed_1/8X8L/8X8L,unrelaxed_model_2_multimer_v3_pred_1.pdb,result_model_2_multimer_v3_pred_1_filtered.pkl
A,B,0.585,24897,0.923,0.884,0.729,76.67,3,3,/projects/ilfgrid/data/Interspecies_GPCR_pipeline/3_models/AF-2.3.1/AF_model_StructuralBenchmark/updated_structural_benchmark/processed_data/seed_1/9AUC/9AUC,unrelaxed_model_3_multimer_v3_pred_3.pdb,result_model_3_multimer_v3_pred_3_filtered.pkl
A,B,0.579,24698,0.903,0.878,0.775,80.84,3,4,/projects/ilfgrid/data/Interspecies_GPCR_pipeline/3_models/AF-2.3.1/AF_model_StructuralBenchmark/updated_structural_benchmark/processed_data/seed_1/7RBT/7RBT,unrelaxed_model_3_multimer_v3_pred_4.pdb,result_model_3_multimer_v3_pred_4_filtered.pkl
A,B,0.574,19471,0.901,0.872,0.753,78.63,2,2,/projects/ilfgrid/data/Interspecies_GPCR_pipeline/3_models/AF-2.3.1/AF_model_StructuralBenchmark/updated_structural_benchmark/processed_data/seed_1/7VGX/7VGX,unrelaxed_model_2_multimer_v3_pred_2.pdb,result_model_2_multimer_v3_pred_2_filtered.pkl
A,B,0.566,17685,0.916,0.856,0.618,69.29,3,4,/projects/ilfgrid/data/Interspecies_GPCR_pipeline/3_models/AF-2.3.1/AF_model_StructuralBenchmark_no_templates/updated_structural_benchmark_no_templates/processed_data/seed_1/8YW4/8YW4,unrelaxed_model_3_multimer_v3_pred_4.pdb,result_model_3_multimer_v3_pred_4_filtered.pkl
A,B,0.563,18152,0.892,0.859,0.728,75.9,3,4,/projects/ilfgrid/data/Interspecies_GPCR_pipeline/3_models/AF-2.3.1/AF_model_StructuralBenchmark_no_templates/updated_structural_benchmark_no_templates/processed_data/seed_1/7VGX/7VGX,unrelaxed_model_3_multimer_v3_pred_4.pdb,result_model_3_multimer_v3_pred_4_filtered.pkl
A,B,0.562,23629,0.918,0.876,0.704,73.04,3,4,/projects/ilfgrid/data/Interspecies_GPCR_pipeline/3_models/AF-2.3.1/AF_model_StructuralBenchmark_no_templates/updated_structural_benchmark_no_templates/processed_data/seed_1/9AUC/9AUC,unrelaxed_model_3_multimer_v3_pred_4.pdb,result_model_3_multimer_v3_pred_4_filtered.pkl
A,B,0.558,12510,0.939,0.853,0.509,64.21,2,3,/projects/ilfgrid/data/Interspecies_GPCR_pipeline/3_models/AF-2.3.1/AF_model_StructuralBenchmark/updated_structural_benchmark/processed_data/seed_1/8IBV/8IBV,unrelaxed_model_2_multimer_v3_pred_3.pdb,result_model_2_multimer_v3_pred_3_filtered.pkl
A,B,0.554,5462,0.925,0.888,0.743,77.26,4,0,/projects/ilfgrid/data/Interspecies_GPCR_pipeline/3_models/AF-2.3.1/AF_model_StructuralBenchmark_no_templates/updated_structural_benchmark_no_templates/processed_data/seed_1/8H0P/8H0P,unrelaxed_model_4_multimer_v3_pred_0.pdb,result_model_4_multimer_v3_pred_0_filtered.pkl
A,B,0.554,38110,0.904,0.887,0.82,83.28,5,2,/projects/ilfgrid/data/Interspecies_GPCR_pipeline/3_models/AF-2.3.1/AF_model_StructuralBenchmark/updated_structural_benchmark/processed_data/seed_1/7XA3/7XA3,unrelaxed_model_5_multimer_v3_pred_2.pdb,result_model_5_multimer_v3_pred_2_filtered.pkl
A,B,0.553,12185,0.934,0.848,0.502,63.09,2,3,/projects/ilfgrid/data/Interspecies_GPCR_pipeline/3_models/AF-2.3.1/AF_model_StructuralBenchmark_no_templates/updated_structural_benchmark_no_templates/processed_data/seed_1/8IBV/8IBV,unrelaxed_model_2_multimer_v3_pred_3.pdb,result_model_2_multimer_v3_pred_3_filtered.pkl
A,B,0.553,18816,0.888,0.864,0.769,78.85,3,1,/projects/ilfgrid/data/Interspecies_GPCR_pipeline/3_models/AF-2.3.1/AF_model_StructuralBenchmark/updated_structural_benchmark/processed_data/seed_1/7X9C/7X9C,unrelaxed_model_3_multimer_v3_pred_1.pdb,result_model_3_multimer_v3_pred_1_filtered.pkl
A,B,0.55,2786,0.92,0.896,0.803,82.96,4,4,/projects/ilfgrid/data/Interspecies_GPCR_pipeline/3_models/AF-2.3.1/AF_model_StructuralBenchmark/updated_structural_benchmark/processed_data/seed_1/7T6T/7T6T,unrelaxed_model_4_multimer_v3_pred_4.pdb,result_model_4_multimer_v3_pred_4_filtered.pkl
A,B,0.544,37321,0.892,0.876,0.813,82.59,5,4,/projects/ilfgrid/data/Interspecies_GPCR_pipeline/3_models/AF-2.3.1/AF_model_StructuralBenchmark_no_templates/updated_structural_benchmark_no_templates/processed_data/seed_1/7XA3/7XA3,unrelaxed_model_5_multimer_v3_pred_4.pdb,result_model_5_multimer_v3_pred_4_filtered.pkl
A,B,0.544,18617,0.869,0.85,0.772,77.98,5,3,/projects/ilfgrid/data/Interspecies_GPCR_pipeline/3_models/AF-2.3.1/AF_model_StructuralBenchmark_no_templates/updated_structural_benchmark_no_templates/processed_data/seed_1/7X9C/7X9C,unrelaxed_model_5_multimer_v3_pred_3.pdb,result_model_5_multimer_v3_pred_3_filtered.pkl
A,B,0.541,16974,0.916,0.853,0.602,69.11,3,3,/projects/ilfgrid/data/Interspecies_GPCR_pipeline/3_models/AF-2.3.1/AF_model_StructuralBenchmark/updated_structural_benchmark/processed_data/seed_1/7VQX/7VQX,unrelaxed_model_3_multimer_v3_pred_3.pdb,result_model_3_multimer_v3_pred_3_filtered.pkl
A,B,0.537,19830,0.873,0.839,0.701,76.02,3,1,/projects/ilfgrid/data/Interspecies_GPCR_pipeline/3_models/AF-2.3.1/AF_model_StructuralBenchmark/updated_structural_benchmark/processed_data/seed_1/7TYO/7TYO,unrelaxed_model_3_multimer_v3_pred_1.pdb,result_model_3_multimer_v3_pred_1_filtered.pkl
A,B,0.537,8736,0.711,0.688,0.593,71.26,5,0,/projects/ilfgrid/data/Interspecies_GPCR_pipeline/3_models/AF-2.3.1/AF_model_StructuralBenchmark_no_templates/updated_structural_benchmark_no_templates/processed_data/seed_1/7W55/7W55,unrelaxed_model_5_multimer_v3_pred_0.pdb,result_model_5_multimer_v3_pred_0_filtered.pkl
A,B,0.536,36054,0.872,0.854,0.782,79.88,4,1,/projects/ilfgrid/data/Interspecies_GPCR_pipeline/3_models/AF-2.3.1/AF_model_StructuralBenchmark/updated_structural_benchmark/processed_data/seed_1/7SK4/7SK4,unrelaxed_model_4_multimer_v3_pred_1.pdb,result_model_4_multimer_v3_pred_1_filtered.pkl
A,B,0.534,8979,0.725,0.697,0.582,73.21,1,2,/projects/ilfgrid/data/Interspecies_GPCR_pipeline/3_models/AF-2.3.1/AF_model_StructuralBenchmark/updated_structural_benchmark/processed_data/seed_1/7W55/7W55,unrelaxed_model_1_multimer_v3_pred_2.pdb,result_model_1_multimer_v3_pred_2_filtered.pkl
A,B,0.534,7162,0.656,0.661,0.682,71.95,1,4,/projects/ilfgrid/data/Interspecies_GPCR_pipeline/3_models/AF-2.3.1/AF_model_StructuralBenchmark/updated_structural_benchmark/processed_data/seed_1/8XGS/8XGS,unrelaxed_model_1_multimer_v3_pred_4.pdb,result_model_1_multimer_v3_pred_4_filtered.pkl
A,B,0.532,20494,0.873,0.837,0.692,72.83,3,2,/projects/ilfgrid/data/Interspecies_GPCR_pipeline/3_models/AF-2.3.1/AF_model_StructuralBenchmark_no_templates/updated_structural_benchmark_no_templates/processed_data/seed_1/8F0K/8F0K,unrelaxed_model_3_multimer_v3_pred_2.pdb,result_model_3_multimer_v3_pred_2_filtered.pkl
A,B,0.531,6470,0.648,0.654,0.675,70.93,4,4,/projects/ilfgrid/data/Interspecies_GPCR_pipeline/3_models/AF-2.3.1/AF_model_StructuralBenchmark_no_templates/updated_structural_benchmark_no_templates/processed_data/seed_1/8XGS/8XGS,unrelaxed_model_4_multimer_v3_pred_4.pdb,result_model_4_multimer_v3_pred_4_filtered.pkl
A,B,0.53,21369,0.857,0.827,0.709,75.16,5,2,/projects/ilfgrid/data/Interspecies_GPCR_pipeline/3_models/AF-2.3.1/AF_model_StructuralBenchmark/updated_structural_benchmark/processed_data/seed_1/8F0K/8F0K,unrelaxed_model_5_multimer_v3_pred_2.pdb,result_model_5_multimer_v3_pred_2_filtered.pkl
A,B,0.53,2147,0.933,0.898,0.76,79.96,4,2,/projects/ilfgrid/data/Interspecies_GPCR_pipeline/3_models/AF-2.3.1/AF_model_StructuralBenchmark/updated_structural_benchmark/processed_data/seed_1/7VFX/7VFX,unrelaxed_model_4_multimer_v3_pred_2.pdb,result_model_4_multimer_v3_pred_2_filtered.pkl
A,B,0.528,22283,0.88,0.847,0.715,74.5,5,4,/projects/ilfgrid/data/Interspecies_GPCR_pipeline/3_models/AF-2.3.1/AF_model_StructuralBenchmark_no_templates/updated_structural_benchmark_no_templates/processed_data/seed_1/7RBT/7RBT,unrelaxed_model_5_multimer_v3_pred_4.pdb,result_model_5_multimer_v3_pred_4_filtered.pkl
A,B,0.526,6962,0.802,0.792,0.756,78.49,5,4,/projects/ilfgrid/data/Interspecies_GPCR_pipeline/3_models/AF-2.3.1/AF_model_StructuralBenchmark_no_templates/updated_structural_benchmark_no_templates/processed_data/seed_1/8X8L/8X8L,unrelaxed_model_5_multimer_v3_pred_4.pdb,result_model_5_multimer_v3_pred_4_filtered.pkl
A,B,0.522,19201,0.88,0.838,0.669,72.62,3,0,/projects/ilfgrid/data/Interspecies_GPCR_pipeline/3_models/AF-2.3.1/AF_model_StructuralBenchmark_no_templates/updated_structural_benchmark_no_templates/processed_data/seed_1/7TYO/7TYO,unrelaxed_model_3_multimer_v3_pred_0.pdb,result_model_3_multimer_v3_pred_0_filtered.pkl
A,B,0.518,10108,0.787,0.732,0.511,65.09,3,1,/projects/ilfgrid/data/Interspecies_GPCR_pipeline/3_models/AF-2.3.1/AF_model_StructuralBenchmark/updated_structural_benchmark/processed_data/seed_1/7W53/7W53,unrelaxed_model_3_multimer_v3_pred_1.pdb,result_model_3_multimer_v3_pred_1_filtered.pkl
A,B,0.516,3821,0.908,0.862,0.678,71.3,3,4,/projects/ilfgrid/data/Interspecies_GPCR_pipeline/3_models/AF-2.3.1/AF_model_StructuralBenchmark/updated_structural_benchmark/processed_data/seed_1/8IA7/8IA7,unrelaxed_model_3_multimer_v3_pred_4.pdb,result_model_3_multimer_v3_pred_4_filtered.pkl
A,B,0.512,38359,0.896,0.88,0.815,83.15,5,2,/projects/ilfgrid/data/Interspecies_GPCR_pipeline/3_models/AF-2.3.1/AF_model_StructuralBenchmark/updated_structural_benchmark/processed_data/seed_1/8IC0/8IC0,unrelaxed_model_5_multimer_v3_pred_2.pdb,result_model_5_multimer_v3_pred_2_filtered.pkl
A,B,0.511,10424,0.789,0.733,0.511,67.8,3,0,/projects/ilfgrid/data/Interspecies_GPCR_pipeline/3_models/AF-2.3.1/AF_model_StructuralBenchmark_no_templates/updated_structural_benchmark_no_templates/processed_data/seed_1/7W53/7W53,unrelaxed_model_3_multimer_v3_pred_0.pdb,result_model_3_multimer_v3_pred_0_filtered.pkl
A,B,0.51,7368,0.544,0.553,0.588,72.14,4,3,/projects/ilfgrid/data/Interspecies_GPCR_pipeline/3_models/AF-2.3.1/AF_model_StructuralBenchmark/updated_structural_benchmark/processed_data/seed_1/7W57/7W57,unrelaxed_model_4_multimer_v3_pred_3.pdb,result_model_4_multimer_v3_pred_3_filtered.pkl
A,B,0.505,5726,0.913,0.833,0.511,78.09,5,4,/projects/ilfgrid/data/Interspecies_GPCR_pipeline/3_models/AF-2.3.1/AF_model_StructuralBenchmark_no_templates/updated_structural_benchmark_no_templates/processed_data/seed_1/7W3Z/7W3Z,unrelaxed_model_5_multimer_v3_pred_4.pdb,result_model_5_multimer_v3_pred_4_filtered.pkl
A,B,0.497,21471,0.847,0.803,0.629,72.44,3,2,/projects/ilfgrid/data/Interspecies_GPCR_pipeline/3_models/AF-2.3.1/AF_model_StructuralBenchmark/updated_structural_benchmark/processed_data/seed_1/7FIN/7FIN,unrelaxed_model_3_multimer_v3_pred_2.pdb,result_model_3_multimer_v3_pred_2_filtered.pkl
A,B,0.495,5838,0.912,0.832,0.511,76.94,5,4,/projects/ilfgrid/data/Interspecies_GPCR_pipeline/3_models/AF-2.3.1/AF_model_StructuralBenchmark/updated_structural_benchmark/processed_data/seed_1/7W3Z/7W3Z,unrelaxed_model_5_multimer_v3_pred_4.pdb,result_model_5_multimer_v3_pred_4_filtered.pkl
A,B,0.495,7910,0.854,0.823,0.7,71.28,5,3,/projects/ilfgrid/data/Interspecies_GPCR_pipeline/3_models/AF-2.3.1/AF_model_StructuralBenchmark/updated_structural_benchmark/processed_data/seed_1/8WSS/8WSS,unrelaxed_model_5_multimer_v3_pred_3.pdb,result_model_5_multimer_v3_pred_3_filtered.pkl
A,B,0.492,21393,0.854,0.809,0.63,66.73,5,4,/projects/ilfgrid/data/Interspecies_GPCR_pipeline/3_models/AF-2.3.1/AF_model_StructuralBenchmark_no_templates/updated_structural_benchmark_no_templates/processed_data/seed_1/7FIN/7FIN,unrelaxed_model_5_multimer_v3_pred_4.pdb,result_model_5_multimer_v3_pred_4_filtered.pkl
A,B,0.491,35709,0.875,0.854,0.772,77.27,5,3,/projects/ilfgrid/data/Interspecies_GPCR_pipeline/3_models/AF-2.3.1/AF_model_StructuralBenchmark_no_templates/updated_structural_benchmark_no_templates/processed_data/seed_1/7SK4/7SK4,unrelaxed_model_5_multimer_v3_pred_3.pdb,result_model_5_multimer_v3_pred_3_filtered.pkl
A,B,0.491,7459,0.545,0.551,0.574,70.43,2,3,/projects/ilfgrid/data/Interspecies_GPCR_pipeline/3_models/AF-2.3.1/AF_model_StructuralBenchmark_no_templates/updated_structural_benchmark_no_templates/processed_data/seed_1/7W57/7W57,unrelaxed_model_2_multimer_v3_pred_3.pdb,result_model_2_multimer_v3_pred_3_filtered.pkl
A,B,0.489,14388,0.856,0.845,0.8,82.69,2,2,/projects/ilfgrid/data/Interspecies_GPCR_pipeline/3_models/AF-2.3.1/AF_model_StructuralBenchmark/updated_structural_benchmark/processed_data/seed_1/8ZH8/8ZH8,unrelaxed_model_2_multimer_v3_pred_2.pdb,result_model_2_multimer_v3_pred_2_filtered.pkl
A,B,0.488,14912,0.853,0.833,0.754,79.09,2,3,/projects/ilfgrid/data/Interspecies_GPCR_pipeline/3_models/AF-2.3.1/AF_model_StructuralBenchmark/updated_structural_benchmark/processed_data/seed_1/8WZ2/8WZ2,unrelaxed_model_2_multimer_v3_pred_3.pdb,result_model_2_multimer_v3_pred_3_filtered.pkl
A,B,0.487,6941,0.789,0.77,0.693,84.67,4,3,/projects/ilfgrid/data/Interspecies_GPCR_pipeline/3_models/AF-2.3.1/AF_model_StructuralBenchmark/updated_structural_benchmark/processed_data/seed_1/8XGM/8XGM,unrelaxed_model_4_multimer_v3_pred_3.pdb,result_model_4_multimer_v3_pred_3_filtered.pkl
A,B,0.48,7665,0.843,0.812,0.689,70.46,5,1,/projects/ilfgrid/data/Interspecies_GPCR_pipeline/3_models/AF-2.3.1/AF_model_StructuralBenchmark_no_templates/updated_structural_benchmark_no_templates/processed_data/seed_1/8WSS/8WSS,unrelaxed_model_5_multimer_v3_pred_1.pdb,result_model_5_multimer_v3_pred_1_filtered.pkl
A,B,0.476,3801,0.872,0.839,0.707,74.73,4,0,/projects/ilfgrid/data/Interspecies_GPCR_pipeline/3_models/AF-2.3.1/AF_model_StructuralBenchmark_no_templates/updated_structural_benchmark_no_templates/processed_data/seed_1/8X8N/8X8N,unrelaxed_model_4_multimer_v3_pred_0.pdb,result_model_4_multimer_v3_pred_0_filtered.pkl
A,B,0.471,5093,0.863,0.831,0.704,71.29,4,0,/projects/ilfgrid/data/Interspecies_GPCR_pipeline/3_models/AF-2.3.1/AF_model_StructuralBenchmark_no_templates/updated_structural_benchmark_no_templates/processed_data/seed_1/8U26/8U26,unrelaxed_model_4_multimer_v3_pred_0.pdb,result_model_4_multimer_v3_pred_0_filtered.pkl
A,B,0.47,5578,0.818,0.799,0.724,75.18,1,1,/projects/ilfgrid/data/Interspecies_GPCR_pipeline/3_models/AF-2.3.1/AF_model_StructuralBenchmark/updated_structural_benchmark/processed_data/seed_1/7XMS/7XMS,unrelaxed_model_1_multimer_v3_pred_1.pdb,result_model_1_multimer_v3_pred_1_filtered.pkl
A,B,0.469,4855,0.918,0.847,0.566,81.46,4,3,/projects/ilfgrid/data/Interspecies_GPCR_pipeline/3_models/AF-2.3.1/AF_model_StructuralBenchmark/updated_structural_benchmark/processed_data/seed_1/7F6I/7F6I,unrelaxed_model_4_multimer_v3_pred_3.pdb,result_model_4_multimer_v3_pred_3_filtered.pkl
A,B,0.467,37120,0.845,0.808,0.66,68.48,3,3,/projects/ilfgrid/data/Interspecies_GPCR_pipeline/3_models/AF-2.3.1/AF_model_StructuralBenchmark/updated_structural_benchmark/processed_data/seed_1/8HK2/8HK2,unrelaxed_model_3_multimer_v3_pred_3.pdb,result_model_3_multimer_v3_pred_3_filtered.pkl
A,B,0.462,9411,0.822,0.814,0.784,78.95,5,3,/projects/ilfgrid/data/Interspecies_GPCR_pipeline/3_models/AF-2.3.1/AF_model_StructuralBenchmark/updated_structural_benchmark/processed_data/seed_1/8ZPT/8ZPT,unrelaxed_model_5_multimer_v3_pred_3.pdb,result_model_5_multimer_v3_pred_3_filtered.pkl
A,B,0.461,7459,0.586,0.568,0.493,64.33,1,0,/projects/ilfgrid/data/Interspecies_GPCR_pipeline/3_models/AF-2.3.1/AF_model_StructuralBenchmark/updated_structural_benchmark/processed_data/seed_1/7W56/7W56,unrelaxed_model_1_multimer_v3_pred_0.pdb,result_model_1_multimer_v3_pred_0_filtered.pkl
A,B,0.46,14377,0.841,0.819,0.73,76.44,2,3,/projects/ilfgrid/data/Interspecies_GPCR_pipeline/3_models/AF-2.3.1/AF_model_StructuralBenchmark_no_templates/updated_structural_benchmark_no_templates/processed_data/seed_1/8WZ2/8WZ2,unrelaxed_model_2_multimer_v3_pred_3.pdb,result_model_2_multimer_v3_pred_3_filtered.pkl
A,B,0.458,37752,0.884,0.868,0.801,82.25,5,4,/projects/ilfgrid/data/Interspecies_GPCR_pipeline/3_models/AF-2.3.1/AF_model_StructuralBenchmark_no_templates/updated_structural_benchmark_no_templates/processed_data/seed_1/8IC0/8IC0,unrelaxed_model_5_multimer_v3_pred_4.pdb,result_model_5_multimer_v3_pred_4_filtered.pkl
A,B,0.458,4043,0.866,0.869,0.882,88.84,4,1,/projects/ilfgrid/data/Interspecies_GPCR_pipeline/3_models/AF-2.3.1/AF_model_StructuralBenchmark/updated_structural_benchmark/processed_data/seed_1/8JJP/8JJP,unrelaxed_model_4_multimer_v3_pred_1.pdb,result_model_4_multimer_v3_pred_1_filtered.pkl
A,B,0.457,15916,0.881,0.819,0.574,64.7,3,1,/projects/ilfgrid/data/Interspecies_GPCR_pipeline/3_models/AF-2.3.1/AF_model_StructuralBenchmark_no_templates/updated_structural_benchmark_no_templates/processed_data/seed_1/7VQX/7VQX,unrelaxed_model_3_multimer_v3_pred_1.pdb,result_model_3_multimer_v3_pred_1_filtered.pkl
A,B,0.45,13852,0.84,0.828,0.783,80.38,5,1,/projects/ilfgrid/data/Interspecies_GPCR_pipeline/3_models/AF-2.3.1/AF_model_StructuralBenchmark_no_templates/updated_structural_benchmark_no_templates/processed_data/seed_1/8ZH8/8ZH8,unrelaxed_model_5_multimer_v3_pred_1.pdb,result_model_5_multimer_v3_pred_1_filtered.pkl
A,B,0.446,3853,0.852,0.855,0.868,87.26,4,1,/projects/ilfgrid/data/Interspecies_GPCR_pipeline/3_models/AF-2.3.1/AF_model_StructuralBenchmark_no_templates/updated_structural_benchmark_no_templates/processed_data/seed_1/8JJP/8JJP,unrelaxed_model_4_multimer_v3_pred_1.pdb,result_model_4_multimer_v3_pred_1_filtered.pkl
A,B,0.44,2959,0.863,0.825,0.674,69.98,4,4,/projects/ilfgrid/data/Interspecies_GPCR_pipeline/3_models/AF-2.3.1/AF_model_StructuralBenchmark_no_templates/updated_structural_benchmark_no_templates/processed_data/seed_1/7T11/7T11,unrelaxed_model_4_multimer_v3_pred_4.pdb,result_model_4_multimer_v3_pred_4_filtered.pkl
A,B,0.44,5591,0.874,0.813,0.571,60.61,5,1,/projects/ilfgrid/data/Interspecies_GPCR_pipeline/3_models/AF-2.3.1/AF_model_StructuralBenchmark/updated_structural_benchmark/processed_data/seed_1/8INR/8INR,unrelaxed_model_5_multimer_v3_pred_1.pdb,result_model_5_multimer_v3_pred_1_filtered.pkl
A,B,0.438,35726,0.823,0.788,0.648,67.34,3,1,/projects/ilfgrid/data/Interspecies_GPCR_pipeline/3_models/AF-2.3.1/AF_model_StructuralBenchmark_no_templates/updated_structural_benchmark_no_templates/processed_data/seed_1/8HK2/8HK2,unrelaxed_model_3_multimer_v3_pred_1.pdb,result_model_3_multimer_v3_pred_1_filtered.pkl
A,B,0.429,6364,0.846,0.82,0.717,77.3,2,2,/projects/ilfgrid/data/Interspecies_GPCR_pipeline/3_models/AF-2.3.1/AF_model_StructuralBenchmark_no_templates/updated_structural_benchmark_no_templates/processed_data/seed_1/8F7X/8F7X,unrelaxed_model_2_multimer_v3_pred_2.pdb,result_model_2_multimer_v3_pred_2_filtered.pkl
A,B,0.421,42829,0.778,0.733,0.553,65.61,2,4,/projects/ilfgrid/data/Interspecies_GPCR_pipeline/3_models/AF-2.3.1/AF_model_StructuralBenchmark/updated_structural_benchmark/processed_data/seed_1/8HNK/8HNK,unrelaxed_model_2_multimer_v3_pred_4.pdb,result_model_2_multimer_v3_pred_4_filtered.pkl
A,B,0.417,7967,0.793,0.793,0.791,80.37,5,3,/projects/ilfgrid/data/Interspecies_GPCR_pipeline/3_models/AF-2.3.1/AF_model_StructuralBenchmark/updated_structural_benchmark/processed_data/seed_1/8WST/8WST,unrelaxed_model_5_multimer_v3_pred_3.pdb,result_model_5_multimer_v3_pred_3_filtered.pkl
A,B,0.417,5154,0.787,0.772,0.71,71.78,5,4,/projects/ilfgrid/data/Interspecies_GPCR_pipeline/3_models/AF-2.3.1/AF_model_StructuralBenchmark_no_templates/updated_structural_benchmark_no_templates/processed_data/seed_1/7XMS/7XMS,unrelaxed_model_5_multimer_v3_pred_4.pdb,result_model_5_multimer_v3_pred_4_filtered.pkl
A,B,0.413,8609,0.786,0.783,0.771,77.12,5,3,/projects/ilfgrid/data/Interspecies_GPCR_pipeline/3_models/AF-2.3.1/AF_model_StructuralBenchmark_no_templates/updated_structural_benchmark_no_templates/processed_data/seed_1/8ZPT/8ZPT,unrelaxed_model_5_multimer_v3_pred_3.pdb,result_model_5_multimer_v3_pred_3_filtered.pkl
A,B,0.406,4043,0.806,0.761,0.58,61.49,3,3,/projects/ilfgrid/data/Interspecies_GPCR_pipeline/3_models/AF-2.3.1/AF_model_StructuralBenchmark/updated_structural_benchmark/processed_data/seed_1/8I95/8I95,unrelaxed_model_3_multimer_v3_pred_3.pdb,result_model_3_multimer_v3_pred_3_filtered.pkl
A,B,0.405,2953,0.836,0.802,0.665,70.66,1,3,/projects/ilfgrid/data/Interspecies_GPCR_pipeline/3_models/AF-2.3.1/AF_model_StructuralBenchmark/updated_structural_benchmark/processed_data/seed_1/7T11/7T11,unrelaxed_model_1_multimer_v3_pred_3.pdb,result_model_1_multimer_v3_pred_3_filtered.pkl
A,B,0.404,7973,0.75,0.739,0.693,83.55,2,3,/projects/ilfgrid/data/Interspecies_GPCR_pipeline/3_models/AF-2.3.1/AF_model_StructuralBenchmark_no_templates/updated_structural_benchmark_no_templates/processed_data/seed_1/8XGM/8XGM,unrelaxed_model_2_multimer_v3_pred_3.pdb,result_model_2_multimer_v3_pred_3_filtered.pkl
A,B,0.403,7733,0.588,0.568,0.491,64.08,1,1,/projects/ilfgrid/data/Interspecies_GPCR_pipeline/3_models/AF-2.3.1/AF_model_StructuralBenchmark_no_templates/updated_structural_benchmark_no_templates/processed_data/seed_1/7W56/7W56,unrelaxed_model_1_multimer_v3_pred_1.pdb,result_model_1_multimer_v3_pred_1_filtered.pkl
A,B,0.402,4583,0.901,0.8,0.395,74.98,2,1,/projects/ilfgrid/data/Interspecies_GPCR_pipeline/3_models/AF-2.3.1/AF_model_StructuralBenchmark/updated_structural_benchmark/processed_data/seed_1/8JBG/8JBG,unrelaxed_model_2_multimer_v3_pred_1.pdb,result_model_2_multimer_v3_pred_1_filtered.pkl
A,B,0.395,3187,0.815,0.757,0.528,70.03,5,3,/projects/ilfgrid/data/Interspecies_GPCR_pipeline/3_models/AF-2.3.1/AF_model_StructuralBenchmark/updated_structural_benchmark/processed_data/seed_1/7EIB/7EIB,unrelaxed_model_5_multimer_v3_pred_3.pdb,result_model_5_multimer_v3_pred_3_filtered.pkl
A,B,0.382,3086,0.807,0.749,0.52,69.08,5,4,/projects/ilfgrid/data/Interspecies_GPCR_pipeline/3_models/AF-2.3.1/AF_model_StructuralBenchmark_no_templates/updated_structural_benchmark_no_templates/processed_data/seed_1/7EIB/7EIB,unrelaxed_model_5_multimer_v3_pred_4.pdb,result_model_5_multimer_v3_pred_4_filtered.pkl
A,B,0.374,43564,0.787,0.741,0.556,63.65,4,4,/projects/ilfgrid/data/Interspecies_GPCR_pipeline/3_models/AF-2.3.1/AF_model_StructuralBenchmark_no_templates/updated_structural_benchmark_no_templates/processed_data/seed_1/8HNK/8HNK,unrelaxed_model_4_multimer_v3_pred_4.pdb,result_model_4_multimer_v3_pred_4_filtered.pkl
A,B,0.372,4555,0.88,0.788,0.423,74.39,4,0,/projects/ilfgrid/data/Interspecies_GPCR_pipeline/3_models/AF-2.3.1/AF_model_StructuralBenchmark_no_templates/updated_structural_benchmark_no_templates/processed_data/seed_1/8JBG/8JBG,unrelaxed_model_4_multimer_v3_pred_0.pdb,result_model_4_multimer_v3_pred_0_filtered.pkl
A,B,0.371,3522,0.769,0.729,0.572,59.98,4,0,/projects/ilfgrid/data/Interspecies_GPCR_pipeline/3_models/AF-2.3.1/AF_model_StructuralBenchmark_no_templates/updated_structural_benchmark_no_templates/processed_data/seed_1/8I95/8I95,unrelaxed_model_4_multimer_v3_pred_0.pdb,result_model_4_multimer_v3_pred_0_filtered.pkl
A,B,0.368,4548,0.803,0.779,0.685,70.99,1,1,/projects/ilfgrid/data/Interspecies_GPCR_pipeline/3_models/AF-2.3.1/AF_model_StructuralBenchmark/updated_structural_benchmark/processed_data/seed_1/8U26/8U26,unrelaxed_model_1_multimer_v3_pred_1.pdb,result_model_1_multimer_v3_pred_1_filtered.pkl
A,B,0.362,7260,0.754,0.755,0.759,78.0,3,2,/projects/ilfgrid/data/Interspecies_GPCR_pipeline/3_models/AF-2.3.1/AF_model_StructuralBenchmark_no_templates/updated_structural_benchmark_no_templates/processed_data/seed_1/8WST/8WST,unrelaxed_model_3_multimer_v3_pred_2.pdb,result_model_3_multimer_v3_pred_2_filtered.pkl
A,B,0.361,2656,0.795,0.765,0.648,66.49,4,3,/projects/ilfgrid/data/Interspecies_GPCR_pipeline/3_models/AF-2.3.1/AF_model_StructuralBenchmark_no_templates/updated_structural_benchmark_no_templates/processed_data/seed_1/8IA7/8IA7,unrelaxed_model_4_multimer_v3_pred_3.pdb,result_model_4_multimer_v3_pred_3_filtered.pkl
A,B,0.359,4289,0.692,0.676,0.611,64.77,3,0,/projects/ilfgrid/data/Interspecies_GPCR_pipeline/3_models/AF-2.3.1/AF_model_StructuralBenchmark/updated_structural_benchmark/processed_data/seed_1/8IA8/8IA8,unrelaxed_model_3_multimer_v3_pred_0.pdb,result_model_3_multimer_v3_pred_0_filtered.pkl
A,B,0.358,2698,0.797,0.781,0.72,80.61,5,4,/projects/ilfgrid/data/Interspecies_GPCR_pipeline/3_models/AF-2.3.1/AF_model_StructuralBenchmark/updated_structural_benchmark/processed_data/seed_1/8JPS/8JPS,unrelaxed_model_5_multimer_v3_pred_4.pdb,result_model_5_multimer_v3_pred_4_filtered.pkl
A,B,0.357,3122,0.801,0.784,0.713,74.46,1,0,/projects/ilfgrid/data/Interspecies_GPCR_pipeline/3_models/AF-2.3.1/AF_model_StructuralBenchmark/updated_structural_benchmark/processed_data/seed_1/8JBF/8JBF,unrelaxed_model_1_multimer_v3_pred_0.pdb,result_model_1_multimer_v3_pred_0_filtered.pkl
A,B,0.356,4828,0.754,0.75,0.734,77.47,2,0,/projects/ilfgrid/data/Interspecies_GPCR_pipeline/3_models/AF-2.3.1/AF_model_StructuralBenchmark/updated_structural_benchmark/processed_data/seed_1/8F7X/8F7X,unrelaxed_model_2_multimer_v3_pred_0.pdb,result_model_2_multimer_v3_pred_0_filtered.pkl
A,B,0.327,5878,0.735,0.721,0.663,68.69,5,2,/projects/ilfgrid/data/Interspecies_GPCR_pipeline/3_models/AF-2.3.1/AF_model_StructuralBenchmark/updated_structural_benchmark/processed_data/seed_1/7XOW/7XOW,unrelaxed_model_5_multimer_v3_pred_2.pdb,result_model_5_multimer_v3_pred_2_filtered.pkl
A,B,0.317,4984,0.717,0.679,0.526,63.11,4,0,/projects/ilfgrid/data/Interspecies_GPCR_pipeline/3_models/AF-2.3.1/AF_model_StructuralBenchmark/updated_structural_benchmark/processed_data/seed_1/8GY7/8GY7,unrelaxed_model_4_multimer_v3_pred_0.pdb,result_model_4_multimer_v3_pred_0_filtered.pkl
A,B,0.314,2808,0.737,0.731,0.706,79.58,2,0,/projects/ilfgrid/data/Interspecies_GPCR_pipeline/3_models/AF-2.3.1/AF_model_StructuralBenchmark_no_templates/updated_structural_benchmark_no_templates/processed_data/seed_1/8JPS/8JPS,unrelaxed_model_2_multimer_v3_pred_0.pdb,result_model_2_multimer_v3_pred_0_filtered.pkl
A,B,0.313,3976,0.787,0.739,0.548,59.3,5,2,/projects/ilfgrid/data/Interspecies_GPCR_pipeline/3_models/AF-2.3.1/AF_model_StructuralBenchmark_no_templates/updated_structural_benchmark_no_templates/processed_data/seed_1/8INR/8INR,unrelaxed_model_5_multimer_v3_pred_2.pdb,result_model_5_multimer_v3_pred_2_filtered.pkl
A,B,0.31,3493,0.737,0.712,0.61,72.37,1,1,/projects/ilfgrid/data/Interspecies_GPCR_pipeline/3_models/AF-2.3.1/AF_model_StructuralBenchmark_no_templates/updated_structural_benchmark_no_templates/processed_data/seed_1/7XWO/7XWO,unrelaxed_model_1_multimer_v3_pred_1.pdb,result_model_1_multimer_v3_pred_1_filtered.pkl
A,B,0.306,2960,0.783,0.74,0.568,78.85,5,3,/projects/ilfgrid/data/Interspecies_GPCR_pipeline/3_models/AF-2.3.1/AF_model_StructuralBenchmark_no_templates/updated_structural_benchmark_no_templates/processed_data/seed_1/7F6I/7F6I,unrelaxed_model_5_multimer_v3_pred_3.pdb,result_model_5_multimer_v3_pred_3_filtered.pkl
A,B,0.305,2725,0.764,0.753,0.711,73.75,1,0,/projects/ilfgrid/data/Interspecies_GPCR_pipeline/3_models/AF-2.3.1/AF_model_StructuralBenchmark_no_templates/updated_structural_benchmark_no_templates/processed_data/seed_1/8JBF/8JBF,unrelaxed_model_1_multimer_v3_pred_0.pdb,result_model_1_multimer_v3_pred_0_filtered.pkl
A,B,0.3,3454,0.726,0.705,0.619,74.25,1,1,/projects/ilfgrid/data/Interspecies_GPCR_pipeline/3_models/AF-2.3.1/AF_model_StructuralBenchmark/updated_structural_benchmark/processed_data/seed_1/7XWO/7XWO,unrelaxed_model_1_multimer_v3_pred_1.pdb,result_model_1_multimer_v3_pred_1_filtered.pkl
A,B,0.298,1154,0.736,0.737,0.742,77.77,4,2,/projects/ilfgrid/data/Interspecies_GPCR_pipeline/3_models/AF-2.3.1/AF_model_StructuralBenchmark_no_templates/updated_structural_benchmark_no_templates/processed_data/seed_1/7VFX/7VFX,unrelaxed_model_4_multimer_v3_pred_2.pdb,result_model_4_multimer_v3_pred_2_filtered.pkl
A,B,0.296,1081,0.745,0.73,0.673,70.33,4,3,/projects/ilfgrid/data/Interspecies_GPCR_pipeline/3_models/AF-2.3.1/AF_model_StructuralBenchmark/updated_structural_benchmark/processed_data/seed_1/8F7R/8F7R,unrelaxed_model_4_multimer_v3_pred_3.pdb,result_model_4_multimer_v3_pred_3_filtered.pkl
A,B,0.29,1435,0.715,0.727,0.774,79.26,4,3,/projects/ilfgrid/data/Interspecies_GPCR_pipeline/3_models/AF-2.3.1/AF_model_StructuralBenchmark_no_templates/updated_structural_benchmark_no_templates/processed_data/seed_1/7T6T/7T6T,unrelaxed_model_4_multimer_v3_pred_3.pdb,result_model_4_multimer_v3_pred_3_filtered.pkl
A,B,0.288,1055,0.746,0.719,0.613,75.52,4,3,/projects/ilfgrid/data/Interspecies_GPCR_pipeline/3_models/AF-2.3.1/AF_model_StructuralBenchmark_no_templates/updated_structural_benchmark_no_templates/processed_data/seed_1/8K9K/8K9K,unrelaxed_model_4_multimer_v3_pred_3.pdb,result_model_4_multimer_v3_pred_3_filtered.pkl
A,B,0.282,3197,0.621,0.617,0.605,63.09,4,3,/projects/ilfgrid/data/Interspecies_GPCR_pipeline/3_models/AF-2.3.1/AF_model_StructuralBenchmark_no_templates/updated_structural_benchmark_no_templates/processed_data/seed_1/8IA8/8IA8,unrelaxed_model_4_multimer_v3_pred_3.pdb,result_model_4_multimer_v3_pred_3_filtered.pkl
A,B,0.274,3368,0.657,0.684,0.792,80.15,2,1,/projects/ilfgrid/data/Interspecies_GPCR_pipeline/3_models/AF-2.3.1/AF_model_StructuralBenchmark_no_templates/updated_structural_benchmark_no_templates/processed_data/seed_1/7VV0/7VV0,unrelaxed_model_2_multimer_v3_pred_1.pdb,result_model_2_multimer_v3_pred_1_filtered.pkl
A,B,0.274,3378,0.667,0.69,0.779,78.59,1,1,/projects/ilfgrid/data/Interspecies_GPCR_pipeline/3_models/AF-2.3.1/AF_model_StructuralBenchmark/updated_structural_benchmark/processed_data/seed_1/7VV0/7VV0,unrelaxed_model_1_multimer_v3_pred_1.pdb,result_model_1_multimer_v3_pred_1_filtered.pkl
A,B,0.268,3857,0.655,0.626,0.508,65.24,5,3,/projects/ilfgrid/data/Interspecies_GPCR_pipeline/3_models/AF-2.3.1/AF_model_StructuralBenchmark_no_templates/updated_structural_benchmark_no_templates/processed_data/seed_1/8GY7/8GY7,unrelaxed_model_5_multimer_v3_pred_3.pdb,result_model_5_multimer_v3_pred_3_filtered.pkl
A,B,0.263,3004,0.734,0.701,0.568,59.26,5,3,/projects/ilfgrid/data/Interspecies_GPCR_pipeline/3_models/AF-2.3.1/AF_model_StructuralBenchmark/updated_structural_benchmark/processed_data/seed_1/8IOC/8IOC,unrelaxed_model_5_multimer_v3_pred_3.pdb,result_model_5_multimer_v3_pred_3_filtered.pkl
A,B,0.261,4015,0.836,0.753,0.419,74.42,3,2,/projects/ilfgrid/data/Interspecies_GPCR_pipeline/3_models/AF-2.3.1/AF_model_StructuralBenchmark_no_templates/updated_structural_benchmark_no_templates/processed_data/seed_1/8JBH/8JBH,unrelaxed_model_3_multimer_v3_pred_2.pdb,result_model_3_multimer_v3_pred_2_filtered.pkl
A,B,0.256,1116,0.724,0.705,0.628,80.35,2,1,/projects/ilfgrid/data/Interspecies_GPCR_pipeline/3_models/AF-2.3.1/AF_model_StructuralBenchmark/updated_structural_benchmark/processed_data/seed_1/8K9K/8K9K,unrelaxed_model_2_multimer_v3_pred_1.pdb,result_model_2_multimer_v3_pred_1_filtered.pkl
A,B,0.254,995,0.713,0.7,0.644,67.79,4,1,/projects/ilfgrid/data/Interspecies_GPCR_pipeline/3_models/AF-2.3.1/AF_model_StructuralBenchmark_no_templates/updated_structural_benchmark_no_templates/processed_data/seed_1/8F7R/8F7R,unrelaxed_model_4_multimer_v3_pred_1.pdb,result_model_4_multimer_v3_pred_1_filtered.pkl
A,B,0.245,4510,0.493,0.528,0.667,69.25,4,2,/projects/ilfgrid/data/Interspecies_GPCR_pipeline/3_models/AF-2.3.1/AF_model_StructuralBenchmark/updated_structural_benchmark/processed_data/seed_1/8F7Q/8F7Q,unrelaxed_model_4_multimer_v3_pred_2.pdb,result_model_4_multimer_v3_pred_2_filtered.pkl
A,B,0.245,2354,0.644,0.666,0.751,74.56,4,1,/projects/ilfgrid/data/Interspecies_GPCR_pipeline/3_models/AF-2.3.1/AF_model_StructuralBenchmark/updated_structural_benchmark/processed_data/seed_1/7YKD/7YKD,unrelaxed_model_4_multimer_v3_pred_1.pdb,result_model_4_multimer_v3_pred_1_filtered.pkl
A,B,0.24,2986,0.541,0.563,0.648,68.75,1,3,/projects/ilfgrid/data/Interspecies_GPCR_pipeline/3_models/AF-2.3.1/AF_model_StructuralBenchmark_no_templates/updated_structural_benchmark_no_templates/processed_data/seed_1/7XOW/7XOW,unrelaxed_model_1_multimer_v3_pred_3.pdb,result_model_1_multimer_v3_pred_3_filtered.pkl
A,B,0.232,2769,0.618,0.652,0.79,79.28,2,0,/projects/ilfgrid/data/Interspecies_GPCR_pipeline/3_models/AF-2.3.1/AF_model_StructuralBenchmark_no_templates/updated_structural_benchmark_no_templates/processed_data/seed_1/7VDM/7VDM,unrelaxed_model_2_multimer_v3_pred_0.pdb,result_model_2_multimer_v3_pred_0_filtered.pkl
A,B,0.23,2738,0.622,0.655,0.785,77.53,4,1,/projects/ilfgrid/data/Interspecies_GPCR_pipeline/3_models/AF-2.3.1/AF_model_StructuralBenchmark/updated_structural_benchmark/processed_data/seed_1/7VDM/7VDM,unrelaxed_model_4_multimer_v3_pred_1.pdb,result_model_4_multimer_v3_pred_1_filtered.pkl
A,B,0.224,2322,0.615,0.645,0.764,75.32,4,4,/projects/ilfgrid/data/Interspecies_GPCR_pipeline/3_models/AF-2.3.1/AF_model_StructuralBenchmark_no_templates/updated_structural_benchmark_no_templates/processed_data/seed_1/7YKD/7YKD,unrelaxed_model_4_multimer_v3_pred_4.pdb,result_model_4_multimer_v3_pred_4_filtered.pkl
A,B,0.222,3117,0.558,0.603,0.78,77.77,1,3,/projects/ilfgrid/data/Interspecies_GPCR_pipeline/3_models/AF-2.3.1/AF_model_StructuralBenchmark_no_templates/updated_structural_benchmark_no_templates/processed_data/seed_1/7S8L/7S8L,unrelaxed_model_1_multimer_v3_pred_3.pdb,result_model_1_multimer_v3_pred_3_filtered.pkl
A,B,0.216,1910,0.621,0.633,0.683,70.33,4,0,/projects/ilfgrid/data/Interspecies_GPCR_pipeline/3_models/AF-2.3.1/AF_model_StructuralBenchmark_no_templates/updated_structural_benchmark_no_templates/processed_data/seed_1/8F7W/8F7W,unrelaxed_model_4_multimer_v3_pred_0.pdb,result_model_4_multimer_v3_pred_0_filtered.pkl
A,B,0.21,3408,0.572,0.617,0.793,78.33,2,2,/projects/ilfgrid/data/Interspecies_GPCR_pipeline/3_models/AF-2.3.1/AF_model_StructuralBenchmark/updated_structural_benchmark/processed_data/seed_1/7S8L/7S8L,unrelaxed_model_2_multimer_v3_pred_2.pdb,result_model_2_multimer_v3_pred_2_filtered.pkl
A,B,0.187,1868,0.599,0.613,0.668,68.78,4,0,/projects/ilfgrid/data/Interspecies_GPCR_pipeline/3_models/AF-2.3.1/AF_model_StructuralBenchmark/updated_structural_benchmark/processed_data/seed_1/8F7W/8F7W,unrelaxed_model_4_multimer_v3_pred_0.pdb,result_model_4_multimer_v3_pred_0_filtered.pkl
A,B,0.183,2962,0.416,0.462,0.647,67.97,2,0,/projects/ilfgrid/data/Interspecies_GPCR_pipeline/3_models/AF-2.3.1/AF_model_StructuralBenchmark_no_templates/updated_structural_benchmark_no_templates/processed_data/seed_1/8F7Q/8F7Q,unrelaxed_model_2_multimer_v3_pred_0.pdb,result_model_2_multimer_v3_pred_0_filtered.pkl
A,B,0.183,2383,0.655,0.629,0.526,57.54,5,3,/projects/ilfgrid/data/Interspecies_GPCR_pipeline/3_models/AF-2.3.1/AF_model_StructuralBenchmark_no_templates/updated_structural_benchmark_no_templates/processed_data/seed_1/8IOC/8IOC,unrelaxed_model_5_multimer_v3_pred_3.pdb,result_model_5_multimer_v3_pred_3_filtered.pkl
A,B,0.165,2843,0.535,0.583,0.777,75.68,4,4,/projects/ilfgrid/data/Interspecies_GPCR_pipeline/3_models/AF-2.3.1/AF_model_StructuralBenchmark_no_templates/updated_structural_benchmark_no_templates/processed_data/seed_1/8JGF/8JGF,unrelaxed_model_4_multimer_v3_pred_4.pdb,result_model_4_multimer_v3_pred_4_filtered.pkl
A,B,0.16,2812,0.53,0.579,0.774,75.25,4,1,/projects/ilfgrid/data/Interspecies_GPCR_pipeline/3_models/AF-2.3.1/AF_model_StructuralBenchmark/updated_structural_benchmark/processed_data/seed_1/8JGF/8JGF,unrelaxed_model_4_multimer_v3_pred_1.pdb,result_model_4_multimer_v3_pred_1_filtered.pkl
A,B,0.141,3196,0.47,0.53,0.77,74.19,4,0,/projects/ilfgrid/data/Interspecies_GPCR_pipeline/3_models/AF-2.3.1/AF_model_StructuralBenchmark_no_templates/updated_structural_benchmark_no_templates/processed_data/seed_1/8JGB/8JGB,unrelaxed_model_4_multimer_v3_pred_0.pdb,result_model_4_multimer_v3_pred_0_filtered.pkl
A,B,0.109,3164,0.446,0.51,0.77,74.04,4,2,/projects/ilfgrid/data/Interspecies_GPCR_pipeline/3_models/AF-2.3.1/AF_model_StructuralBenchmark/updated_structural_benchmark/processed_data/seed_1/8JGB/8JGB,unrelaxed_model_4_multimer_v3_pred_2.pdb,result_model_4_multimer_v3_pred_2_filtered.pkl
A,B,0.02,453,0.352,0.428,0.731,78.34,5,0,/projects/ilfgrid/data/Interspecies_GPCR_pipeline/3_models/AF-2.3.1/AF_model_StructuralBenchmark_no_templates/updated_structural_benchmark_no_templates/processed_data/seed_1/8WVY/8WVY,unrelaxed_model_5_multimer_v3_pred_0.pdb,result_model_5_multimer_v3_pred_0_filtered.pkl
A,B,0.0,0,0.306,0.392,0.736,78.67,5,1,/projects/ilfgrid/data/Interspecies_GPCR_pipeline/3_models/AF-2.3.1/AF_model_StructuralBenchmark/updated_structural_benchmark/processed_data/seed_1/8WVY/8WVY,unrelaxed_model_5_multimer_v3_pred_1.pdb,result_model_5_multimer_v3_pred_1_filtered.pkl
