pdb,receptor,uniprot_id,class,family,resolution,type,state,ligand_name,ligand_chain,ligand_pdb_seq,receptor_chain,receptor_pdb_seq,publication,publication_date
8JPS,ackr1_human,Q16570,Class A (Rhodopsin),Chemokine receptors,3.65,Electron microscopy,Intermediate,C-C motif chemokine 7,C,STTCCYRFINKKIPKQRLESYRRTTSSHCPREAVIFKTKLDKEICADPTQKWVQDFMKHLDKK,A,EAAAPCHSCNLLDDSALPFFILTSVLGILASSTVLFMLFRPLFRWQLCPGWPVLAQLAVGSALFSIVVPVLAPGLGSTRSSALCSLGYCVWYGSAFAQALLLGCHASLGHRLGAGQVPGLTLGLTVGIWGVAALLTLPVTLASGASGGLCTLIYSTELKALQATHTVACLAIFVLLPLGLFGAKGLKKALGMGPGPWMNILWAWFIFWWPHGV,https://dx.doi.org/10.1016/J.CELL.2024.07.005,2024-07-31
7SK4,ackr3_human,P25106,Class A (Rhodopsin),Chemokine receptors,3.3,Electron microscopy,Active,Stromal cell-derived factor 1,B,LRHQSLSYRCPCRFFESHVARANVKHLKILNTPNCALQIVARLKNNNRQVCIDPKLKWIQEYLEKALNK,A,GAPDLHLFDYSEPGNFSDISWPCNSSDCIVVDTVMCPNMPNKSVLLYTLSFIYIFIFVIGMIANSVVVWVNIQAKTTGYDTHCYILNLAIADLWVVLTIPVWVVSLVQHNQWPMGELTCKVTHLIFSINLFGSIFFLTCMSVDRYLSITYFTNTPSSRKKMVRRVVCILVWLLAFCVSLPDTYYLKTVTSASNNETYCRSFYPEHSIKEWLIGMELVSVVLGFAVPFSIIAVFYFLLARAISASSDQEKHSSRKIIFSYVVVFLVCWLPYHVAVLLDIFSILHYIPFTCRLEHALFTALHVTQCLSLVHCCVNPVLYSFINRNYRYELMKAFIFKYSAKTGLTKLIDASRVSETEYSALEQSTKGRPLEVLFQGPHHHHHHHHHHDYKDDDDK,https://dx.doi.org/10.1126/SCIADV.ABN8063,2022-07-27
8GY7,acthr_human,Q01718,Class A (Rhodopsin),Melanocortin receptors,3.3,Electron microscopy,Active,ACTH,M,SYSMEHFRWGKPVGKKRR,R,MKTIIALSYIFCLVFAHHHHHHHHHHADLEDNWETLNDNLKVIEKADNAAQVKDALTKMRAAALDAQKATPPKLEDKSPDSPEMKDFRHGFDILVGQIDDALKLANEGKVKEAQAAAEQLKTTRNAYIQKYLKHIINSYENINNTARNNSDCPRVVLPEEIFFTISIVGVLENLIVLLAVFKNKNLQAPMYFFICSLAISDMLGSLYKILENILIILRNMGYLKPRGSFETTADDIIDSLFVLSLLGSIFSLSVIAADRYITIFHALRYHSIVTMRRTVVVLTVIWTFCTGTGITMVIFSHHVPTVITFTSLFPLMLVFILCLYVHMFLLARSHTRKISTLPRANMKGAITLTILLGVFIFCWAPFVLHVLLMTFCPSNPYCACYMSLFQVNGMLIMCNAVIDPFIYAFRSPELRDAFKKMIFCSRYWGSSGGGGSGGGGSSGVFTLEDFVGDWEQTAAYNLDQVLEQGGVSSLLQNLAVSVTPIQRIVRSGENALKIDIHVIIPYEGLSADQMAQIEEVFKVVYPVDDHHFKVILPYGTLVIDGVTPNMLNYFGRPYEGIAVFDGKKITVTGTLWNGNKIIDERLITPDGSMLFRVTINS,https://dx.doi.org/10.1038/S41422-022-00751-6,2023-01-11
7EIB,bkrb1_human,P46663,Class A (Rhodopsin),Bradykinin receptors,3.0,Electron microscopy,Active,[des-Arg<sup>10</sup>]kallidin,D,KRPPGFSPF,A,ADLEDNWETLNDNLKVIEKADNAAQVKDALTKMRAAALDAQKATPPKLEDKSPDSPEMKDFRHGFDILVGQIDDALKLANEGKVKEAQAAAEQLKTTRNAYIQKYLASSWPPLELQSSNQSQLFPQNATACDNAPEAWDLLHRVLPTFIISICFFGLLGNLFVLLVFLLPRRQLNVAEIYLANLAASDLVFVLGLPFWAENIWNQFNWPFGALLCRVINGVIKANLFISIWLVVAISQDRYRVLVHPMASRRQQRRRQARVTCVLIWVVGGLLSIPTFLLRSIQAVPDLNITACILLLPHEAWHFARIVELNILGFLLPLAAIVFFNYHILASLRTREEVSRTRCGGRKDSKTTALILTLVVAFLVCWAPYHFFAFLEFLFQVQAVRGCFWEDFIDLGLQLANFFAFTNSSLNPVIYVFVGRLFRTKVWELYKQCTPKSLAPISSSHRKEIFQLFVFTLEDFVGDWEQTAAYNLDQVLEQGGVSSLLQNLAVSVTPIQRIVRSGENALKIDIHVIIPYEGLSADQMAQIEEVFKVVYPVDDHHFKVILPYGTLVIDGVTPNMLNYFGRPYEGIAVFDGKKITVTGTLWNGNKIIDERLITPDGSMLFRVTINS,https://dx.doi.org/10.1038/S41594-021-00645-Y,2021-10-13
7F6I,bkrb2_human,P30411,Class A (Rhodopsin),Bradykinin receptors,2.8,Electron microscopy,Active,kallidin,L,KRPPGFSPFR,A,MKTIIALSYIFCLVFADYKDDDDKHHHHHHHHHHENLYFQGKIEEGKLVIWINGDKGYNGLAEVGKKFEKDTGIKVTVEHPDKLEEKFPQVAATGDGPDIIFWAHDRFGGYAQSGLLAEITPDKAFQDKLYPFTWDAVRYNGKLIAYPIAVEALSLIYNKDLLPNPPKTWEEIPALDKELKAKGKSALMFNLQEPYFTWPLIAADGGYAFKYAAGKYDIKDVGVDNAGAKAGLTFLVDLIKNKHMNADTDYSIAEAAFNKGETAMTINGPWAWSNIDTSAVNYGVTVLPTFKGQPSKPFVGVLSAGINAASPNKELAKEFLENYLLTDEGLEAVNKDKPLGAVALKSYEEELAKDPRIAATMENAQKGEIMPNIPQMSAFWYAVRTAVINAASGRQTVDEALKDAQTLNVTLQGPTLNGTFAQSKCPQVEWLGWLNTIQPPFLWVLFVLATLENIFVLSVFCLHKSSCTVAEIYLGNLAAADLILACGLPFWAITISNNFDWLFGETLCRVVNAIISMNLYSSICFLMLVSIDRYLALVKTMSMGRMRGVRWAKLYSLVIWGCTLLLSSPMLVFRTMKEYSDEGHNVTACVISYPSLIWEVFTNMLLNVVGFLLPLSVITFCTMQIMQVLRNNEMQKFKEIQTERRATVLVLVVLLLFIICWLPFQISTFLDTLHRLGILSSCQDERIIDVITQIASFMAYSNSCLNPLVYVIVGKRFRKKSWEVYQGVCQKGGCRSEPIQMENSMGTLRTSISVERQIHKLQDWAGSRQ,https://dx.doi.org/10.1038/S41467-022-28399-1,2022-01-05
8IA8,c3ar_human,Q16581,Class A (Rhodopsin),Complement peptide receptors,2.86,Electron microscopy,Active,ALA-SER-LYS-LEU-GLY-LEU-ALA-ARG,L,WWGKKYRASKLGLAR,A,MASFSAETNSTDLLSQPWNEPPVILSMVILSLTFLLGLPGNGLVLWVAGLKMQRTVNTIWFLHLTLADLLCCLSLPFSLAHLALQGQWPYGRFLCKLIPSIIVLNMFASVFLLTAISLDRCLVVFKPIWCQNHRNVGMACSICGCIWVVAFVMCIPVFVYREIFTTDNHNRCGYKFGLSSSLDYPDFYGDPLENRSLENIVQPPGEMNDRLDPSSFQTNDHPWTVPTVFQPQTFQRPSADSLPRGSARLTSQNLYSNVFKPADVVSPKIPSGFPIEDHETSPLDNSDAFLSTHLKLFPSASSNSFYESELPQGFQDYYNLGQFTDDDQVPTPLVAITITRLVVGFLLPSVIMIACYSFIVFRMQRGRFAKSQSKTFRVAVVVVAVFLVCWTPYHIFGVLSLLTDPETPLGKTLMSWDHVCIALASANSCFNPFLYALLGKDFRKKARQSIQGILEAAFSEELTRSTHCPSNNVISERNSTTV,,2023-05-24
8I95,c3ar_human,Q16581,Class A (Rhodopsin),Complement peptide receptors,2.88,Electron microscopy,Active,EP54 ligand,D,YSFKPMPLAR,C,MGKTIIALSYIFCLVFADYKDDDDAANFTPVNGSSGNQSVRLVTSSSLEVLFQGPGSASFSAETNSTDLLSQPWNEPPVILSMVILSLTFLLGLPGNGLVLWVAGLKMQRTVNTIWFLHLTLADLLCCLSLPFSLAHLALQGQWPYGRFLCKLIPSIIVLNMFASVFLLTAISLDRCLVVFKPIWCQNHRNVGMACSICGCIWVVAFVMCIPVFVYREIFTTDNHNRCGYKFGLSSSLDYPDFYGDPLENRSLENIVQPPGEMNDRLDPSSFQTNDHPWTVPTVFQPQTFQRPSADSLPRGSARLTSQNLYSNVFKPADVVSPKIPSGFPIEDHETSPLDNSDAFLSTHLKLFPSASSNSFYESELPQGFQDYYNLGQFTDDDQVPTPLVAITITRLVVGFLLPSVIMIACYSFIVFRMQRGRFAKSQSKTFRVAVVVVAVFLVCWTPYHIFGVLSLLTDPETPLGKTLMSWDHVCIALASANSCFNPFLYALLGKDFRKKARQSIQGILEAAFSEELTRSTHCPSNNVISERNSTTV,https://dx.doi.org/10.1016/J.CELL.2023.09.020,2023-10-18
8HK2,c3ar_human,Q16581,Class A (Rhodopsin),Complement peptide receptors,2.9,Electron microscopy,Active,C3a anaphylatoxin,D,SVQLTEKRMDKVGKYPKELRKCCEDGMRENPMRFSCQRRTRFISLGEACKKVFLDCCNYITELRRQHARASHLGLAR,A,MASFSAETNSTDLLSQPWNEPPVILSMVILSLTFLLGLPGNGLVLWVAGLKMQRTVNTIWFLHLTLADLLCCLSLPFSLAHLALQGQWPYGRFLCKLIPSIIVLNMFASVFLLTAISLDRCLVVFKPIWCQNHRNVGMACSICGCIWVVAFVMCIPVFVYREIFTTDNHNRCGYKFGLSSSLDYPDFYGDPLENRSLENIVQPPGEMNDRLDPSSFQTNDHPWTVPTVFQPQTFQRPSADSLPRGSARLTSQNLYSNVFKPADVVSPKIPSGFPIEDHETSPLDNSDAFLSTHLKLFPSASSNSFYESELPQGFQDYYNLGQFTDDDQVPTPLVAITITRLVVGFLLPSVIMIACYSFIVFRMQRGRFAKSQSKTFRVAVVVVAVFLVCWTPYHIFGVLSLLTDPETPLGKTLMSWDHVCIALASANSCFNPFLYALLGKDFRKKARQSIQGILEAAFSEELTRSTHCPSNNVISE,https://dx.doi.org/10.1038/S41589-023-01339-W,2023-05-10
8F0K,calcr_human,P30988,Class B1 (Secretin),Calcitonin receptors,1.9,Electron microscopy,Active,San385,P,KCNTATCATQRLANFLVHKSNNFGPILPPTNVGSNTY,R,MKTIIALSYIFCLVFADYKDDDDLEVLFQGPAAFSNQTYPTIEPKPFLYVVGRKKMMDAQYKCYDRMQQLPAYQGEGPYCNRTWDGWLCWDDTPAGVLSYQFCPDYFPDFDPSEKVTKYCDEKGVWFKHPENNRTWSNYTMCNAFTPEKLKNAYVLYYLAIVGHSLSIFTLVISLGIFVFFRSLGCQRVTLHKNMFLTYILNSMIIIIHLVEVVPNGELVRRDPVSCKILHFFHQYMMACNYFWMLCEGIYLHTLIVVAVFTEKQRLRWYYLLGWGFPLVPTTIHAITRAVYFNDNCWLSVETHLLYIIHGPVMAALVVNFFFLLNIVRVLVTKMRETHEAESHMYLKAVKATMILVPLLGIQFVVFPWRPSNKMLGKIYDYVMHSLIHFQGFFVATIYCFCNNEVQTTVKRQWAQFKIQWNQRWGRRPSNRSARAAAAAAEAGDIPIYICHQELRNEPANNQGEESAEIIPLNIIEQESSAPAGLEVLFQGPHHHHHHHH,https://dx.doi.org/10.1038/S41589-023-01393-4,2023-08-02
9AUC,calcr_human,P30988,Class B1 (Secretin),Calcitonin receptors,2.4,Electron microscopy,Active,Calcitonin gene-related peptide 1,P,ACDTATCVTHRLAGLLSRSGGVVKNNFVPTNVGSKAF,R,MKTIIALSYIFCLVFADYKDDDDLEVLFQGPAAFSNQTYPTIEPKPFLYVVGRKKMMDAQYKCYDRMQQLPAYQGEGPYCNRTWDGWLCWDDTPAGVLSYQFCPDYFPDFDPSEKVTKYCDEKGVWFKHPENNRTWSNYTMCNAFTPEKLKNAYVLYYLAIVGHSLSIFTLVISLGIFVFFRSLGCQRVTLHKNMFLTYILNSMIIIIHLVEVVPNGELVRRDPVSCKILHFFHQYMMACNYFWMLCEGIYLHTLIVVAVFTEKQRLRWYYLLGWGFPLVPTTIHAITRAVYFNDNCWLSVETHLLYIIHGPVMAALVVNFFFLLNIVRVLVTKMRETHEAESHMYLKAVKATMILVPLLGIQFVVFPWRPSNKMLGKIYDYVMHSLIHFQGFFVATIYCFCNNEVQTTVKRQWAQFKIQWNQRWGRRPSNRSARAAAAAAEAGDIPIYICHQELRNEPANNQGEESAEIIPLNIIEQESSAPAGLEVLFQGPHHHHHHHH,https://dx.doi.org/10.1021/ACS.BIOCHEM.4C00114,2024-04-24
7TYO,calcr_human,P30988,Class B1 (Secretin),Calcitonin receptors,2.7,Electron microscopy,Active,Calcitonin human,P,CGNLSTCMLGTYTQDFNKFHTFPQTAIGVGAP,R,MKTIIALSYIFCLVFADYKDDDDLEVLFQGPAAFSNQTYPTIEPKPFLYVVGRKKMMDAQYKCYDRMQQLPAYQGEGPYCNRTWDGWLCWDDTPAGVLSYQFCPDYFPDFDPSEKVTKYCDEKGVWFKHPENNRTWSNYTMCNAFTPEKLKNAYVLYYLAIVGHSLSIFTLVISLGIFVFFRSLGCQRVTLHKNMFLTYILNSMIIIIHLVEVVPNGELVRRDPVSCKILHFFHQYMMACNYFWMLCEGIYLHTLIVVAVFTEKQRLRWYYLLGWGFPLVPTTIHAITRAVYFNDNCWLSVETHLLYIIHGPVMAALVVNFFFLLNIVRVLVTKMRETHEAESHMYLKAVKATMILVPLLGIQFVVFPWRPSNKMLGKIYDYVMHSLIHFQGFFVATIYCFCNNEVQTTVKRQWAQFKIQWNQRWGRRPSNRSARAAAAAAEAGDIPIYICHQELRNEPANNQGEESAEIIPLNIIEQESSAPAGLEVLFQGPHHHHHHHH,https://dx.doi.org/10.1126/SCIENCE.ABM9609,2022-03-23
7VL9,ccr1_human,P32246,Class A (Rhodopsin),Chemokine receptors,2.6,Electron microscopy,Active,CCL15(26-92),L,FHFAADCCTSYISQSIPCSLMKSYFETSSECSKPGVIFLTKKGRQVCAKPSGPGVQDCMKKLKPYSIGSGENLYFQ,R,GGSGMETPNTTEDYDTTTEFDYGDATPCQKVNERAFGAQLLPPLYSLVFVIGLVGNILVVLVLVQYKRLKNMTSIYLLNLAISDLLFLFTLPFWIDYKLKDDWVFGDAMCKILSGFYYTGLYSEIFFIILLTIDRYLAIVHAVFALRARTVTFGVITSIIIWALAILASMPGLYFSKTQWEFTHHTCSLHFPHESLREWKLFQALKLNLFGLVLPLLVMIICYTGIIKILLRRPNEKKSKAVRLIFVIMIIFFLFWTPYNLTILISVFQDFLFTHECEQSRHLDLAVQVTEVIAYTHCCVNPVIYAFVGERFRKYLRQLFHRRVAVHLVKWLPFLSVDRLERVSSTSPSTGEHELSAGFLEVLFQ,https://dx.doi.org/10.1038/S41589-021-00918-Z,2022-03-23
7XA3,ccr2_human,P41597,Class A (Rhodopsin),Chemokine receptors,2.9,Electron microscopy,Active,C-C motif chemokine 2,L,QPDAINAPVTCCYNFTNRKISVQRLASYRRITSSKCPKEAVIFKTIVAKEICADPKQKWVQDSMDHLDK,R,MLSTSRSRFIRNTNESGEEVTTFFDYDYGAPCHKFDVKQIGAQLLPPLYSLVFIFGFVGNMLVVLILINCKKLKCLTDIYLLNLAISDLLFLITLPLWAHSAANEWVFGNAMCKLFTGLYHIGYFGGIFFIILLTIDRYLAIVHAVFALKARTVTFGVVTSVITWLVAVFASVPGIIFTKCQKEDSVYVCGPYFPRGWNNFHTIMRNILGLVLPLLIMVICYSGILKTLLRCRNEKKRHRAVRVIFTIMIVYFLFWTPYNIVILLNTFQEFFGLSNCESTSQLDQATQVTETLGMTHCCINPIIYAFVGEKFRRYLSVFFRKHITKRFCKQCPVFYRETVDGVTSTNTPSTGEQEVSAGL,https://dx.doi.org/10.1038/S41421-022-00403-4,2022-08-24
7YKD,cml1_human,Q99788,Class A (Rhodopsin),Chemerin receptor,2.81,Electron microscopy,Active,chemerin C-terminal peptide,L,YFPGQFAFS,A,MRMEDEDYNTSISYGDEYPDYLDSIVVLEDLSPLEARVTRIFLVVVYSIVCFLGILGNGLVIIIATFKMKKTVNMVWFLNLAVADFLFNVFLPIHITYAAMDYHWVFGTAMCKISNFLLIHNMFTSVFLLTIISSDRCISVLLPVWSQNHRSVRLAYMACMVIWVLAFFLSSPSLVFRDTANLHGKISCFNNFSLSTPGSSSWPTHSQMDPVGYSRHMVVTVTRFLCGFLVPVLIITACYLTIVCKLQRNRLAKTKKPFKIIVTIIITFFLCWCPYHTLNLLELHHTAMPGSVFSLGLPLATALAIANSCMNPILYVFMGQDFKKFKVALFSRLVNALSEDTGHSSYPSHRSFTKMSSMNERTSMNERETGML,https://dx.doi.org/10.1073/PNAS.2214324120,2023-04-19
8JJP,cml2_human,P46091,Class A (Rhodopsin),Chemerin receptor,2.9,Electron microscopy,Active,chemerin C-terminal peptide,L,YFPGQFAFS,A,GVVHWVSLVLYCLAFVLGIPGNAIVIWFTGFKWKKTVTTLWFLNLAIADFIFLLFLPLYISYVAMNFHWPFGIWLCKANSFTAQLNMFASVFFLTVISLDHYIHLIHPVLSHRHRTLKNSLIVIIFIWLLASLIGGPALYFRDTVEFNNHTLCYNNFQKHDPDLTLIRHHVLTWVKFIIGYLFPLLTMSICYLCLIFKVKKRSILISSRHFWTILVVVVAFVVCWTPYHLFSIWELTIHHNSYSHHVMQAGIPLSTGLAFLNSCLNPILYVLISKKFQARFRSSVAEILKYT,,2024-08-21
8XGM,cml2_human,P46091,Class A (Rhodopsin),Chemerin receptor,3.29,Electron microscopy,Active,Retinoic acid receptor responder protein 2,D,ELTEAQRRGLQVALEEFHKHPPVQWAFQETSVESAVDTPFPAGIFVRLEFKLQQTSCRKRDWKKPECKVRPNGRKRKCLACIKLGSEDKVLGRLVHCPIETQVLREAEEHQETQCLRVQRAGEDPHSFYFPGQFAFS,A,NYSYDLDYYSLESDLEEKVQLGVVHWVSLVLYCLAFVLGIPGNAIVIWFTGFKWKKTVTTLWFLNLAIADFIFLLFLPLYISYVAMNFHWPFGIWLCKANSFTAQLNMFASVFFLTVISLDHYIHLIHPVLSHRHRTLKNSLIVIIFIWLLASLIGGPALYFRDTVEFNNHTLCYNNFQKHDPDLTLIRHHVLTWVKFIIGYLFPLLTMSICYLCLIFKVKKRSILISSRHFWTILVVVVAFVVCWTPYHLFSIWELTIHHNSYSHHVMQAGIPLSTGLAFLNSCLNPILYVLISKKFQARFRSSV,,2024-08-21
8IC0,cxcr1_human,P25024,Class A (Rhodopsin),Chemokine receptors,3.41,Electron microscopy,Active,Interleukin-8,F,SAKELRCQCIKTYSKPFHPKFIKELRVIESGPHCANTEIIVKLSDGRELCLDPKENWVQRVVEKFLKRAENS,A,MSNITDPQMWDFDDLNFTGMPPADEDYSPCMLETETLNKYVVIIAYALVFLLSLLGNSLVMLVILYSRVGRSVTDVYLLNLALADLLFALTLPIWAASKVNGWIFGTFLCKVVSLLKEVNFYSGILLLACISVDRYLAIVHATRTLTQKRHLVKFVCLGCWGLSMNLSLPFFLFRQAYHPNNSSPVCYEVLGNDTAKWRMVLRILPHTFGFIVPLFVMLFCYGFTLRTLFKAHMGQKHRAMRVIFAVVLIFLLCWLPYNLVLLADTLMRTQVIQESCERRNNIGRALDATEILGFLHSCLNPIIYAFIGQNFRHGFLKILAMHGLVSKEFLARHRVTSYTSSSVNVSSNLHHHHHHHH,https://dx.doi.org/10.1038/S41467-023-39799-2,2023-07-19
8HNK,cxcr3_human,P49682,Class A (Rhodopsin),Chemokine receptors,3.01,Electron microscopy,Active,CXCL11,L,MSVKGMAIALAVILCATVVQGFPMFKRGRCLCIGPGVKAVKVADIEKASIMYPSNNCDKIEVIITLKENKGQRCLNPKSKQARLIIKKVERKNFHHHHHHHHHH,R,MKTIIALSYIFCLVFADYKDDDDKGSADLEDNWETLNDNLKVIEKADNAAQVKDALTKMRAAALDAQKATPPKLEDKSPDSPEMKDFRHGFDILVGQIDDALKLANEGKVKEAQAAAEQLKTTRNAYIQKYLLVPRGSMVLEVSDHQVLNDAEVAALLENFSSSYDYGENESDSCCTSPPCPQDFSLNFDRAFLPALYSLLFLLGLLGNGAVAAVLLSRRTALSSTDTFLLHLAVADTLLVLTLPLWAVDAAVQWVFGSGLCKVAGALFNINFYAGALLLACISFDRYLNIVHATQLYRRGPPARVTLTCLAVWGLCLLFALPDFIFLSAHHDERLNATHCQYNFPQVGRTALRVLQLVAGFLLPLLVMAYCYAHILAVLLVSRGQRRLRAMRLVVVVVVAFALCWTPYHLVVLVDILMDLGALARNCGRESRVDVAKSVTSGLGYMHCCLNPLLYAFVGVKFRERMWMLLLRLGCPNQRGLQRQPSSSRRDSSWSETSVFTLEDFVGDWEQTAAYNLDQVLEQGGVSSLLQNLAVSVTPIQRIVRSGENALKIDIHVIIPYEGLSADQMAQIEEVFKVVYPVDDHHFKVILPYGTLVIDGVTPNMLNYFGRPYEGIAVFDGKKITVTGTLWNGNKIIDERLITPDGSMLFRVTINS,https://dx.doi.org/10.1038/S41594-023-01175-5,2023-11-29
8HCQ,ednra_human,P25101,Class A (Rhodopsin),Endothelin receptors,3.01,Electron microscopy,Active,ENDOTHELIN,L,CSCSSLMDKECVYFCHLDIIW,R,MDSKGSSQKGSRLLLLLVVSNLLLCQGVVSDYKDDDDVDMGQPGNGSAFLLAPNGSHAPDHDVTQQRDEENLYFQGASDNPERYSTNLSNHVDDFTTFRGTELSFLVTTHQPTNLVLPSNGSMHNYCPQQTKITSAFKYINTVISCTIFIVGMVGNATLLRIIYQNKCMRNGPNALIASLALGDLIYVVIDLPINVFKLLAGRWPFDHNDFGVFLCKLFPFLQKSSVGITVLNLCALSVDRYRAVASWSRVQGIGIPLVTAIEIVSIWILSFILAIPEAIGFVMVPFEYRGEQHKTCMLNATSKFMEFYQDVKDWWLFGFYFCMPLVCTAIFYTLMTCEMLNRRNGSLRIALSEHLKQRREVAKTVFCLVVIFALCWFPLHLSRILKKTVYNEMDKNRCELLSFLLLMDYIGINLATMNSCINPIALYFVSKKFKNCFQSCLCCCCYQSKSLMTSVPMNGTSIQVFTLEDFVGDWEQTAAYNLDQVLEQGGVSSLLQNLAVSVTPIQRIVRSGENALKIDIHVIIPYEGLSADQMAQIEEVFKVVYPVDDHHFKVILPYGTLVIDGVTPNMLNYFGRPYEGIAVFDGKKITVTGTLWNGNKIIDERLITPDGSMLFRVTINS,,2023-03-22
7VFX,fpr1_human,P21462,Class A (Rhodopsin),Formylpeptide receptors,2.8,Electron microscopy,Active,Peptide agonist fMet-Ile-Phe-Leu,C,MIFL,R,DYKDDDDKLEVLFQGPGSMETNSSLPTNISGGTPAVSAGYLFLDIITYLVFAVTFVLGVLGNGLVIWVAGFRMTHTVTTISYLNLAVADFCFTSTLPFFMVRKAMGGHWPFGWFLCKFVFTIVDINLFGSVFLIALIALDRCVCVLHPVWTQNHRTVSLAKKVIIGPWVMALLLTLPVIIRVTTVPGKTGTVACTFNFSPWTNDPKERINVAVAMLTVRGIIRFIIGFSAPMSIVAVSYGLIATKIHKQGLIKSSRPLRVLSFVAAAFFLCWSPYQVVALIATVRIRELLQGMYKEIGIAVDVTSALAFFNSCLNPMLYVFMGQDFRERLIHALPASLERALTEDSTQTSDTATNSTLPSAEVELQAKHHHHHHHHHH,https://dx.doi.org/10.1038/S41467-022-32822-Y,2022-09-21
7T6T,fpr1_human,P21462,Class A (Rhodopsin),Formylpeptide receptors,3.2,Electron microscopy,Active,synthetic peptide ,L,MLFII,R,DYKDDDDVDGSAENLYFQGASMETNSSLPTNISGGTPAVSAGYLFLDIITYLVFAVTFVLGVLGNGLVIWVAGFRMTHTVTTISYLNLAVADFCFTSTLPFFMVRKAMGGHWPFGWFLCKFVFTIVDINLFGSVFLIALIALDRCVCVLHPVWTQNHRTVSLAKKVIIGPWVMALLLTLPVIIRVTTVPGKTGTVACTFNFSPWTNDPKERINVAVAMLTVRGIIRFIIGFSAPMSIVAVSYGLIATKIHKQGLIKSSRPLRVLSFVAAAFFLCWSPYQVVALIATVRIRELLQGMYKEIGIAVDVTSALAFFNSCLNPMLYVFMGQDFRERLIHALPASLERALTEDSTQTSD,https://dx.doi.org/10.1038/S41467-022-28586-0,2022-03-30
7WQ3,galr1_human,P47211,Class A (Rhodopsin),Galanin receptors,2.7,Electron microscopy,Active,galanin,L,GWTLNSAGYLLGPHAVGNHRSFSDKNGLTS,R,MELAVGNLSEGNASWPEPPAPEPGPLFGIGVENFVTLVVFGLIFALGVLGNSLVITVLARSKPGKPRSTTNLFILNLSIADLAYLLFCIPFQATVYALPTWVLGAFICKFIHYFFTVSMLVSIFTLAAMSVDRYVAIVHSRRSSSLRVSRNALLGVGCIWALSIAMASPVAYHQGLFHPRASNQTFCWEQWPDPRHKKAYVVCTFVFGYLLPLLLICFCYAKVLNHLHKKLKNMSKKSEASKKKTAQTVLVVVVVFGISWLPHHIIHLWAEFGVFPLTPASFLFRITAHCLAYSNSSVNPIIYAFLSENFRKAYKQVFKCHIRKDSHLSDTKESKSRIDTPPSTNCTHV,https://dx.doi.org/10.1038/S41467-022-29072-3,2022-04-20
7WQ4,galr2_human,O43603,Class A (Rhodopsin),Galanin receptors,2.6,Electron microscopy,Active,galanin,L,GWTLNSAGYLLGPHAVGNHRSFSDKNGLTS,R,MNVSGCPGAGNASQAGGGGGWHPEAVIVPLLFALIFLVGTVGNTLVLAVLLRGGQAVSTTNLFILNLGVADLCFILCCVPFQATIYTLDGWVFGSLLCKAVHFLIFLTMHASSFTLAAVSLDRYLAIRYPLHSRELRTPRNALAAIGLIWGLSLLFSGPYLSYYRQSQLANLTVCHPAWSAPRRRAMDICTFVFSYLLPVLVLGLTYARTLRYLWRAVDPVAAGSGARRAKRKVTRMILIVAALFCLCWMPHHALILCVWFGQFPLTRATYALRILSHLVSYANSCVNPIVYALVSKHFRKGFRTICAGLLGRAPGRASGRVCAAARGTHSGSVLERESSDLLHMSEAAGALRPCPGASQPCILEPCPGPSWQGPKAGDSILTVDVA,https://dx.doi.org/10.1038/S41467-022-29072-3,2022-04-20
8IA7,gasr_human,P32239,Class A (Rhodopsin),Cholecystokinin receptors,3.1,Electron microscopy,Active,CHEMBL216166,L,DYMGWMDF,R,MELLKLNRSVQGTGPGPGASLCRPGAPLLNSSSVGNLSCEPPRIRGAGTRELELAIRITLYAVIFLMSVGGNMLIIVVLGLSRRLRTVTNAFLLSLAVSDLLLAVACMPFTLLPNLMGTFIFGTVICKAVSYLMGVSVSVSTLSLVAIALERYSAICRPLQARVWQTRSHAARVIVATWLLSGLLMVPYPVYTVVQPVGPRVLQCVHRWPSARVRQTWSVLLLLLLFFIPGVVMAVAYGLISRELYLGLRFDGDSDSDSQSRVRNQGGLPGAVHQNGRCRPETGAVGEDSDGCYVQLPRSRPALELTALTAPGPGSGSRPTQAKLLAKKRVVRMLLVIVVLFFLCWLPVYSANTWRAFDGPGAHRALSGAPISFIHLLSYASACVNPLVYCFMHRRFRQACLETCARCCPRPPRARPRALPDEDPPTPSIASLSRLSYTTISTLGPG,https://dx.doi.org/10.1038/S41421-022-00420-3,2023-12-06
7XOW,gasr_human,P32239,Class A (Rhodopsin),Cholecystokinin receptors,3.1,Electron microscopy,Active,desulfated gastrin-17,L,EGPWLEEEEEAYGWMDF,R,MELLKLNRSVQGTGPGPGASLCRPGAPLLNSSSVGNLSCEPPRIRGAGTRELELAIRITLYAVIFLMSVGGNMLIIVVLGLSRRLRTVTNAFLLSLAVSDLLLAVACMPFTLLPNLMGTFIFGTVICKAVSYLMGVSVSVSTLSLVAIALERYSAICRPLQARVWQTRSHAARVIVATWLLSGLLMVPYPVYTVVQPVGPRVLQCVHRWPSARVRQTWSVLLLLLLFFIPGVVMAVAYGLISRELYLGLRFDGDSDSDSQSRVRNQGGLPGAVHQNGRCRPETGAVGEDSDGCYVQLPRSRPALELTALTAPGPGSGSRPTQAKLLAKKRVVRMLLVIVVLFFLCWLPVYSANTWRAFDGPGAHRALSGAPISFIHLLSYASACVNPLVYCFMHRRFRQACLETCARCCPRPPRARPRALPDEDPPTPSIASLSRLSYTTISTLGPG,https://dx.doi.org/10.1038/S41421-022-00420-3,2022-07-20
7RBT,gipr_human,P48546,Class B1 (Secretin),Glucagon receptor family,3.08,Electron microscopy,Active,tirzepatide,P,YAEGTFTSDYSIALDKIAQKAFVQWLIAGGPSSGAPPPS,R,DYKDDDDAAALEVLFQGPRAETGSKGQTAGELYQRWERYRRECQETLAAAEPPSGLACNGSFDMYVCWDYAAPNATARASCPWYLPWHHHVAAGFVLRQCGSDGQWGLWRDHTQCENPEKNEAFLDQRLILERLQVMYTVGYSLSLATLLLALLILSLFRRLHCTRNYIHINLFTSFMLRAAAILSRDRLLPRPGPYLGDQALALWNQALAACRTAQIVTQYCVGANYTWLLVEGVYLHSLLVLVGGSEEGHFRYYLLLGWGAPALFVIPWVIVRYLYENTQCWERNEVKAIWWIIRTPILMTILINFLIFIRILGILLSKLRTRQMRCRDYRLRLARSTLTLVPLLGVHEVVFAPVTEEQARGALRFAKLGFEIFLSSFQGFLVSVLYCFINKEVQSEIRRGWHHCRLRRSLGEEQRQLPERAFRALPSGSGPGEVPTSRGLSSGTLPGPGNEASRELESYC,https://dx.doi.org/10.1073/PNAS.2116506119,2022-04-13
7FIN,gipr_human,P48546,Class B1 (Secretin),Glucagon receptor family,3.1,Electron microscopy,Active,Peptide-20,P,HAQGTFTSDKSKYLDERAAQDFVQWLLDGGPSSGAPPPS,R,RAETGSKGQTAGELYQRWERYRRECQETLAAAEPPSGLACNGSFDMYVCWDYAAPNATARASCPWYLPWHHHVAAGFVLRQCGSDGQWGLWRDHTQCENPEKNEAFLDQRLILERLQVMYTVGYSLSLATLLLALLILSLFRRLHCTRNYIHINLFTSFMLRAAAILSRDRLLPRPGPYLGDQALALWNQALAACRTAQIVTQYCVGANYTWLLVEGVYLHSLLVLVGGSEEGHFRYYLLLGWGAPALFVIPWVIVRYLYENTQCWERNEVKAIWWIIRTPILMTILINFLIFIRILGILLSKLRTRQMRCRDYRLRLARSTLFLVPLLGVHEVVFAPVTEEQARGALRFAKLGFEIFLSSFQGFLVSVLYCFINKEVQSEIRRGWHHCRLRRSLGEEQRGSSGGGGSGGGGSSGVFTLEDFVGDWEQTAAYNLDQVLEQGGVSSLLQNLAVSVTPIQRIVRSGENALKIDIHVIIPYEGLSADQMAQIEEVFKVVYPVDDHHFKVILPYGTLVIDGVTPNMLNYFGRPYEGIAVFDGKKITVTGTLWNGNKIIDERLITPDGSMLFRVTINS,https://dx.doi.org/10.1038/S41467-022-28683-0,2022-02-23
8YW4,gipr_human,P48546,Class B1 (Secretin),Glucagon receptor family,3.26,Electron microscopy,Active,Retatrutide,P,YAQGTFTSDYSILLDKKAQAAFIEYLL,R,RAETGSKGQTAGELYQRWERYRRECQETLAAAEPPSGLACNGSFDMYVCWDYAAPNATARASCPWYLPWHHHVTAGFELYQCGSDGRWERYRDHTQCENRECQEAFLDQRLILERLQVMYTVGYSLSLATLLLALLILSLFRRLHCTRNYIHINLFTSFMLRAAAILSRDRLLPRPGPYLGDQALALWNQALAACRTAQIVTQYCVGANYTWLLVEGVYLHSLLVLVGGSEEGHFRYYLLLGWGAPALFVIPWVIVRYLYENTQCWERNEVKAIWWIIRTPILMTILINFLIFIRILGILLSKLRTRQMRCRDYRLRLARSTLFLVPLLGVHEVVFAPVTEEQARGALRFAKLGFEIFLSSFQGFLVSVLYCFINKEVQSEIRRGWHHCRLRRSLGEEQRGSSGGGGSGGGGSSGVFTLEDFVGDWEQTAAYNLDQVLEQGGVSSLLQNLAVSVTPIQRIVRSGENALKIDIHVIIPYEGLSADQMAQIEEVFKVVYPVDDHHFKVILPYGTLVIDGVTPNMLNYFGRPYEGIAVFDGKKITVTGTLWNGNKIIDERLITPDGSMLFRVTINS,https://dx.doi.org/10.1038/S41421-024-00700-0,2024-09-18
7W3Z,grpr_human,P30550,Class A (Rhodopsin),Bombesin receptors,3.0,Electron microscopy,Active,Gastrin-releasing peptide,L,PRGNHWAVGHLM,A,MKTIIALSYIFCLVFADYKDDDDKHHHHHHHHHHENLYFQGKIEEGKLVIWINGDKGYNGLAEVGKKFEKDTGIKVTVEHPDKLEEKFPQVAATGDGPDIIFWAHDRFGGYAQSGLLAEITPDKAFQDKLYPFTWDAVRYNGKLIAYPIAVEALSLIYNKDLLPNPPKTWEEIPALDKELKAKGKSALMFNLQEPYFTWPLIAADGGYAFKYAAGKYDIKDVGVDNAGAKAGLTFLVDLIKNKHMNADTDYSIAEAAFNKGETAMTINGPWAWSNIDTSAVNYGVTVLPTFKGQPSKPFVGVLSAGINAASPNKELAKEFLENYLLTDEGLEAVNKDKPLGAVALKSYEEELAKDPRIAATMENAQKGEIMPNIPQMSAFWYAVRTAVINAASGRQTVDEALKDAQTHSADLPVNDDWSHPGILYVIPAVYGVIILIGLIGNITLIKIFCTVKSMRNVPNLFISSLALGDLLLLITCAPVDASRYLADRWLFGRIGCKLIPFIQLTSVGVSVFTLTALSADRYKAIVRPMDIQASHALMKACLKAAFIWIISMLLAIPEAVFSDLHPFHEESTNQTFISCAPYPHSNELHPKIHSMASFLVFYVIPLSIISVYYYFIAKNLIQSAYNLPVEGNIHVKKQIESRKRLAKTVLVFVGLFAFCWLPNHVIYLYRSYHYSEVDTSMLHFVTSICARLLAFTNSCVNPFALYLLSKSFRKQFNTQLLCCQGSSGGGGSGGGGSSGFTLEDFVGDWEQTAAYNLDQVLEQGGVSSLLQNLAVSVTPIQRIVRSGENALKIDIHVIIPYEGLSADQMAQIEEVFKVVYPVDDHHFKVILPYGTLVIDGVTPNMLNYFGRPYEGIAVFDGKKITVTGTLWNGNKIIDERLITPDGSMLFRVTINS,https://dx.doi.org/10.1073/PNAS.2216230120,2023-02-22
8XGS,kissr_human,Q969F8,Class A (Rhodopsin),Kisspeptin receptors,2.95,Electron microscopy,Active,Kisspeptin-10,F,GTSLSPPPESSGSRQQPGLSAPHSRQIPAPQGAVLVQREKDLPNYNWNSFGLRF,A,MHTVATSGPNASWGAPANASGCPGCGANASDGPVPSPRAVDAWLVPLFFAALMLLGLVGNSLVIYVICRHKPMRTVTNFYIANLAATDVTFLLCCVPFTALLYPLPGWVLGDFMCKFVNYIQQVSVQATCATLTAMSVDRWYVTVFPLRALHRRTPRLALAVSLSIWVGSAAVSAPVLALHRLSPGPRAYCSEAFPSRALERAFALYNLLALYLLPLLATCACYAAMLRHLGRVAVRPAPADSALQGQVLAERAGAVRAKVSRLVAAVVLLFAACWGPIQLFLVLQALGPAGSWHPRSYAAYALKTWAHCMSYSNSALNPLLYAFLGSHFRQAFRRVCPCAPRRPRRPRRPGPSDPAAPHAELLRLGSHPAPARAQKPGSSGLAARGLCVLGEDNAPL,https://dx.doi.org/10.1126/SCIADV.ADN7771,2024-10-30
8WVY,lgr4_human,Q9BXB1,Class A (Rhodopsin),Class A orphans,3.29,Electron microscopy,Inactive,Norrin,E,IMDSDPRRCMRHHYVDSISHPLYKCSSKMVLLARCEGHCSQASRSEPLVSFSTVLKQPFRSSCHCCRPQTSKLKALRLRCSGGMRLTATYRYILSCHCEECNS,A,MKTIIALSYIFCLVFADYKDDDDAAPPLCAAPCSCDGDRRVDCSGKGLTAVPEGLSAFTQALDISMNNITQLPEDAFKNFPFLEELQLAGNDLSFIHPKALSGLKELKVLTLQNNQLKTVPSEAIRGLSALQSLRLDANHITSVPEDSFEGLVQLRHLWLDDNSLTEVPVHPLSNLPTLQALTLALNKISSIPDFAFTNLSSLVVLHLHNNKIRSLSQHCFDGLDNLETLDLNYNNLGEFPQAIKALPSLKELGFHSNSISVIPDGAFDGNPLLRTIHLYDNPLSFVGNSAFHNLSDLHSLVIRGASMVQQFPNLTGTVHLESLTLTGTKISSIPNNLCQEQKMLRTLDLSYNNIRDLPSFNGCHALEEISLQRNQIYQIKEGTFQGLISLRILDLSRNLIHEIHSRAFATLGPITNLDVSFNELTSFPTEGLNGLNQLKLVGNFKLKEALAAKDFVNLRSLSVPYAYQCCAFWGCDSYANLNTEDNSLQDHSVAQEKGTADAANVTSTLENEEHSQIIIHCTPSTGAFKPCEYLLGSWMIRLTVWFIFLVALFFNLLVILTTFASCTSLPSSKLFIGLISVSNLFMGIYTGILTFLDAVSWGRFAEFGIWWETGSGCKVAGFLAVFSSESAIFLLMLATVERSLSAKDIMKNGKSNHLKQFRVAALLAFLGATVAGCFPLFHRGEYSASPLCLPFPTGETPSLGFTVTLVLLNSLAFLLMAVIYTKLYCNLEKEDLSENSQSSMIKHVAWLIFTNCIFFCPVAFFSFAPLITAISISPEIMKSVTLIFFPLPACLNPVLYVFFNPKFKEDWKLLKRRVTKKSGSVSVSISS,,2024-10-30
8IOC,mc3r_human,P41968,Class A (Rhodopsin),Melanocortin receptors,2.86,Electron microscopy,Active,&gamma;-MSH,L,YVMGHFRWDRF,R,MKTIIALSYIFCLVFANASCCLPSVQPTLPNGSEHLQAPFFSNQSSSAFCEQVFIKPEVFLSLGIVSLLENILVILAVVRNGNLHSPMYFFLCSLAVADMLVSVSNALETIMIAIVHSDYLTFEDQFIQHMDNIFDSMICISLVASICNLLAIAVDRYVTIFYALRYHSIMTVRKALTLIVAIWVCCGVCGVVFIVYSESKMVIVCLITMFFAMMLLMGTLYVHMFLFARLHVKRIAALPPADGVAPQQHSCMKGAVTITILLGVFIFCWAPFFLHLVLIITCPTNPYCICYTAHFNTYLVLIMCNSVIDPLIYAFRSLELRNTFREILCGCNGMNLGGSSGGGGSGGGGSSGVFTLEDFVGDWEQTAAYNLDQVLEQGGVSSLLQNLAVSVTPIQRIVRSGENALKIDIHVIIPYEGLSADQMAQIEEVFKVVYPVDDHHFKVILPYGTLVIDGVTPNMLNYFGRPYEGIAVFDGKKITVTGTLWNGNKIIDERLITPDGSMLFRVTINS,https://dx.doi.org/10.1107/S0907444909042073,2023-09-20
8INR,mc5r_human,P33032,Class A (Rhodopsin),Melanocortin receptors,2.73,Electron microscopy,Active,INTERMEDINE,L,SYSMEHFRWGKPV,R,MKTIIALSYIFCLVFANSSFHLHFLDLNLNATEGNLSGPNVKNKSSPCEDMGIAVEVFLTLGVISLLENILVIGAIVKNKNLHSPMYFFVCSLAVADMLVSMSSAWETITIYLLNNKHLVIADAFVRHIDNVFDSMICISVVASMCSLLAIAVDRYVTIFYALRYHHIMTARRSGAIIAGIWAFCTGCGIVFILYSESTYVILCLISMFFAMLFLLVSLYIHMFLLARTHVKRIAALPGASSARQRTSMQGAVTVTMLLGVFTVCWAPFFLHLTLMLSCPQNLYCSRFMSHFNMYLILIMCNSVMDPLIYAFRSQEMRKTFKEIICCRGFRIACSFPRRDGSSGGGGSGGGGSSGVFTLEDFVGDWEQTAAYNLDQVLEQGGVSSLLQNLAVSVTPIQRIVRSGENALKIDIHVIIPYEGLSADQMAQIEEVFKVVYPVDDHHFKVILPYGTLVIDGVTPNMLNYFGRPYEGIAVFDGKKITVTGTLWNGNKIIDERLITPDGSMLFRVTINS,https://dx.doi.org/10.1107/S0907444909042073,2023-09-20
8WSS,mchr1_human,Q99705,Class A (Rhodopsin),Melanin-concentrating hormone,3.01,Electron microscopy,Active,pro-MCH,L,DFDMLRCMLGRVYRPCWQV,R,QGGTMDLEASLLPTGPNASNTSDGPDNLTSAGSPPRTGSISYINIIMPSVFGTICLLGIIGNSTVIFAVVKKSKLHWCNNVPDIFIINLSVVDLLFLLGMPFMIHQLMGNGVWHFGETMCTLITAMDANSQFTSTYILTAMAIDRYLATVHPISSTKFRKPSVATLVICLLWALSFISITPVWLYARLIPFPGGAVGCGIRLPNPDTDLYWFTLYQFFLAFALPFVVITAAYVRILQRMTSSVAPASQRSIRLRTKRVTRTAIAICLVFFVCWAPYYVLQLTQLSISRPTLTFVYLYNAAISLGYANSCLNPFVYIVLCETFRKRLVLSVKPAAQGQLRAGSSGGGGSGGGGSSGVFTLEDFVGDWEQTAAYNLDQVLEQGGVSSLLQNLAVSVTPIQRIVR,https://dx.doi.org/10.1038/S41421-024-00679-8,2024-06-19
8WST,mchr2_human,Q969V1,Class A (Rhodopsin),Melanin-concentrating hormone,2.4,Electron microscopy,Active,pro-MCH,L,DFDMLRCMLGRVYRPCWQV,R,MNPFHASCWNTSAELLNKSWNKEFAYQTASVVDTVILPSMIGIICSTGLVGNILIVFTIIRSRKKTVPDIYICNLAVADLVHIVGMPFLIHQWARGGEWVFGGPLCTIITSLDTCNQFACSAIMTVMSVDRYFALVQPFRLTRWRTRYKTIRINLGLWAASFILALPVWVYSKVIKFKDGVESCAFDLTSPDDVLWYTLYLTITTFFFPLPLILVCYILILCYTWEMYQQNKDARCCNPSVPKQRVMKLTKMVLVYVVVFILSAAPYHVIQLVNLQMEQPTLAFYVGYYLSICLSYASSSINPFLYILLSGNFQKRLPQIQRRATEKEINN,https://dx.doi.org/10.1038/S41421-024-00679-8,2024-06-19
8JGF,mrgx1_human,Q96LB2,Class A (Rhodopsin),Class A orphans,2.7,Electron microscopy,Active,bovine adrenal medulla peptide 8-22,L,VGRPEWWMDYQKRYG,R,MDPTISTLDTELTPINGTEETLCYKQTLSLTVLTCIVSLVGLTGNAVVLWLLGCRMRRNAFSIYILNLAAADFLFLSGRLIYSLLSFISIPHTISKILYPVMMFSYFAGLSFLSAVSTERCLSVLWPIWYRCHRPTHLSAVVCVLLWALSLLRSILEWMLCGFLFSGADSAWCQTSDFITVAWLIFLCVVLCGSSLVLLIRILCGSRKIPLTRLYVTILLTVLVFLLCGLPFGIQFFLFLWIHVDREVLFCHVHLVSIFLSALNSSANPIIYFFVGSFRQRQNRQNLKLVLQRALQDASEVDEGGGQLPEEILELSGSR,https://dx.doi.org/10.1038/S41467-023-40705-Z,2024-01-10
8JGB,mrgx1_human,Q96LB2,Class A (Rhodopsin),Class A orphans,2.84,Electron microscopy,Active,Conorfamide-Tx2,L,HSGILLAWSGPRNRFVRI,R,MDPTISTLDTELTPINGTEETLCYKQTLSLTVLTCIVSLVGLTGNAVVLWLLGCRMRRNAFSIYILNLAAADFLFLSGRLIYSLLSFISIPHTISKILYPVMMFSYFAGLSFLSAVSTERCLSVLWPIWYRCHRPTHLSAVVCVLLWALSLLRSILEWMLCGFLFSGADSAWCQTSDFITVAWLIFLCVVLCGSSLVLLIRILCGSRKIPLTRLYVTILLTVLVFLLCGLPFGIQFFLFLWIHVDREVLFCHVHLVSIFLSALNSSANPIIYFFVGSFRQRQNRQNLKLVLQRALQDASEVDEGGGQLPEEILELSGSR,,2024-01-10
7S8L,mrgx2_human,Q96LB1,Class A (Rhodopsin),Class A orphans,2.45,Electron microscopy,Active,Cortistatin 14,A,PCKNFFWKTFSSCK,R,GPDPTTPAWGTESTTVNGNDQALLLLCGKETLIPVFLILFIALVGLVGNGFVLWLLGFRMRRNAFSVYVLSLAGADFLFLCFQIINCLVYLSNFFCSISINFPSFFTTVMTCAYLAGLSMLSTVSTERCLSVLWPIWYRCRRPRHLSAVVCVLLWALSLLLSILEGKFCGFLFSDGDSGWCQTFDFITAAWLIFLFMVLCGSSLALLVRILCGSRGLPLTRLYLTILLTVLVFLLCGLPFGIQWFLILWIWKDSDVLFCHIHPVSVVLSSLNSSANPIIYFFVGSFRKQWRLQQPILKLALQRALQDIAEVDHSEGCFRQGTPEMSRSSLV,,2021-11-17
7VDM,mrgx2_human,Q96LB1,Class A (Rhodopsin),Class A orphans,2.98,Electron microscopy,Active,substance P,L,RPKPQQFFGLM,R,MDPTTPAWGTESTTVNGNDQALLLLCGKETLIPVFLILFIALVGLVGNGFVLWLLGFRMRRNAFSVYVLSLAGADFLFLCFQIINCLVYLSNFFCSISINFPSFFTTVMTCAYLAGLSMLSTVSTERCLSVLWPIWYRCRRPRHLSAVVCVLLWALSLLLSILEGKFCGFLFSDGDSGWCQTFDFITAAWLIFLFMVLCGSSLALLVRILCGSRGLPLTRLYLTILLTVLVFLLCGLPFGIQWFLILWIWKDSDVLFCHIHPVSVVLSSLNSSANPIIYFFVGSFRKQWRLQQPILKLALQRALQDIAEVDHSEGCFRQGTPEMSRSSLV,https://dx.doi.org/10.1038/S41586-021-04077-Y,2021-12-01
7VV0,mrgx2_human,Q96LB1,Class A (Rhodopsin),Class A orphans,3.5,Electron microscopy,Active,PAMP-12,L,FRKKWNKWALSR,R,MDPTTPAWGTESTTVNGNDQALLLLCGKETLIPVFLILFIALVGLVGNGFVLWLLGFRMRRNAFSVYVLSLAGADFLFLCFQIINCLVYLSNFFCSISINFPSFFTTVMTCAYLAGLSMLSTVSTERCLSVLWPIWYRCRRPRHLSAVVCVLLWALSLLLSILEGKFCGFLFSDGDSGWCQTFDFITAAWLIFLFMVLCGSSLALLVRILCGSRGLPLTRLYLTILLTVLVFLLCGLPFGIQWFLILWIWKDSDVLFCHIHPVSVVLSSLNSSANPIIYFFVGSFRKQWRLQQPILKLALQRALQDIAEVDHSEGCFRQGTPEMSRSSLV,https://dx.doi.org/10.1038/S41586-021-04077-Y,2021-12-01
8IBV,mtlr_human,O43193,Class A (Rhodopsin),Motilin receptors,3.19,Electron microscopy,Active,motilin,C,FVPIFTYGELQRMQEKERNKGQ,R,MKTIIALSYIFCLVFADYKDDDDAKLQTMHHHHHHHHHHADLEDNWETLNDNLKVIEKADNAAQVKDALTKMRAAALDAQKATPPKLEDKSPDSPEMKDFRHGFDILVGQIDDALKLANEGKVKEAQAAAEQLKTTRNAYIQKYLASENLYFQGGTMGSPWNGSDGPEGAREPPWPALPPCDERRCSPFPLGALVPVTAVCLCLFVVGVSGNVVTVMLIGRYRDMRTTTNLYLGSMAVSDLLILLGLPFDLYRLWRSRPWVFGPLLCRLSLYVGEGCTYATLLHMTALSVERYLAICRPLRARVLVTRRRVRALIAVLWAVALLSAGPFLFLVGVEQDPGISVVPGLNGTARIASSPLASSPPLWLSRAPPPSPPSGPETAEAAALFSRECRPSPAQLGALRVMLWVTTAYFFLPFLCLSILYGLIGRELWSSRRPLRGPAASGRERGHRQTVRVLLVVVLAFIICWLPFHVGRIIYINTEDSRMMYFSQYFNIVALQLFYLSASINPILYNLISKKYRAAAFKLLLARKSRPRGFHRSRDTAGEVAGDTGGDTVGYTETSANVKTMGGSSGGGGSGGGGSSGVFTLEDFVGDWEQTAAYNLDQVLEQGGVSSLLQNLAVSVTPIQRIVRSGENALKIDIHVIIPYEGLSADQMAQIEEVFKVVYPVDDHHFKVILPYGTLVIDGVTPNMLNYFGRPYEGIAVFDGKKITVTGTLWNGNKIIDERLITPDGSMLFRVTINS,https://dx.doi.org/10.1126/SCIADV.ADE9020,2023-04-12
8U26,nk1r_human,P25103,Class A (Rhodopsin),Tachykinin receptors,2.5,Electron microscopy,Active,substance P,S,RPKPQQFFGLM,R,DYKDDDDASIDMDNVLPVDSDLSPNISTNTSEPNQFVQPAWQIVLWAAAYTVIVVTSVVGNVVVMWIILAHKRMRTVTNYFLVNLAFAEASMAAFNTVVNFTYAVHNEWYYGLFYCKFHNFFPIAAVFASIYSMTAVAFDRYMAIIHPLQPRLSATATKVVICVIWVLALLLAFPQGYYSTTETMPSRVVCMIEWPEHPNKIYEKVYHICVTVLIYFLPLLVIGYAYTVVGITLWASEIPGDSSDRYHEQVSAKRKVVKMMIVVVCTFAICWLPFHIFFLLPYINPDLYLKKFIQQVYLAIMWLAMSSTMYNPIIYCCLNDRFRLGFKHAFRCCPFISAGDYEGLEMKSTRYLQTQGSVYKVSRLETTISTVVGAHEEEPEDGPKATPSSLDLTSNCSSRSDSKTMTESFSFSSNVLS,https://dx.doi.org/10.1038/S41592-023-02082-9,2023-11-15
7XWO,nk2r_human,P21452,Class A (Rhodopsin),Tachykinin receptors,2.7,Electron microscopy,Active,HIS-LYS-THR-ASP-SER-PHE-VAL-GLY-LEU-MET-NH2,D,HKTDSFVGLMA,B,MKTIIALSYIFCLVFADYKDDDDAKLQTMHHHHHHHHHHENLYFQGGTADLEDNWETLNDNLKVIEKADNAAQVKDALTKMRAAALDAQKATPPKLEDKSPDSPEMKDFRHGFDILVGQIDDALKLANEGKVKEAQAAAEQLKTTRNAYIQKYLMGTCDIVTEANISSGPESNTTGITAFSMPSWQLALWATAYLALVLVAVTGNAIVIWIILAHRRMRTVTNYFIVNLALADLCMAAFNAAFNFVYASHNIWYFGRAFCYFQNLFPITAMFVSIYSMTAIAADRYMAIVHPFQPRLSAPSTKAVIAGIWLVALALASPQCFYSTVTMDQGATKCVVAWPEDSGGKTLLLYHLVVIALIYFLPLAVMFVAYSVIGLTLWRRAVPGHQAHGANLRHLQAMKKFVKTMVLVVLTFAICWLPYHLYFILGSFQEDIYCHKFIQQVYLALFWLAMSSTMYNPIIYCCLNHRFRSGFRLAFRCCPWVTPTKEDKLELTPTTSLSKLVEKY,,2023-05-31
8JBG,nk3r_human,P29371,Class A (Rhodopsin),Tachykinin receptors,2.8,Electron microscopy,Active,neurokinin B,A,DMHDFFVGLM,B,MKTIIALSYIFCLVFAADLEDNWETLNDNLKVIEKADNAAQVKDALTKMRAAALDAQKATPPKLEDKSPDSPEMKDFRHGFDILVGQIDDALKLANEGKVKEAQAAAEQLKTTRNAYIQKYLMATLPAAETWIDGGGGVGADAVNLTASLAAGAATGAVETGWLQLLDQAGNLSSSPSALGLPVASPAPSQPWANLTNQFVQPSWRIALWSLAYGVVVAVAVLGNLIVIWIILAHKRMRTVTNYFLVNLAFSDASMAAFNTLVNFIYALHSEWYFGANYCRFQNFFPITAVFASIYSMTAIAVDRYMAIIDPLKPRLSATATKIVIGSIWILAFLLAFPQCLYSKTKVMPGRTLCFVQWPEGPKQHFTYHIIVIILVYCFPLLIMGITYTIVGITLWGGEIPGDTCDKYHEQLKAKRKVVKMMIIVVMTFAICWLPYHIYFILTAIYQQLNRWKYIQQVYLASFWLAMSSTMYNPIIYCCLNKRFRAGFKRAFRWCPFIKVSSYDELELKTTRFHPVFTLEDFVGDWEQTAAYNLDQVLEQGGVSSLLQNLAVSVTPIQRIVRSGENALKIDIHVIIPYEGLSADQMAQIEEVFKVVYPVDDHHFKVILPYGTLVIDGVTPNMLNYFGRPYEGIAVFDGKKITVTGTLWNGNKIIDERLITPDGSMLFRVTINSGGSENLYFQGGSAGSAAKIEEGKLVIWINGDKGYNGLAEVGKKFEKDTGIKVTVEHPDKLEEKFPQVAATGDGPDIIFWAHDRFGGYAQSGLLAEITPDKAFQDKLYPFTWDAVRYNGKLIAYPIAVEALSLIYNKDLLPNPPKTWEEIPALDKELKAKGKSALMFNLQEPYFTWPLIAADGGYAFKYENGKYDIKDVGVDNAGAKAGLTFLVDLIKNKHMNADTDYSIAEAAFNKGETAMTINGPWAWSNIDTSKVNYGVTVLPTFKGQPSKPFVGVLSAGINAASPNKELAKEFLENYLLTDEGLEAVNKDKPLGAVALKSYEEELAKDPRIAATMENAQKGEIMPNIPQMSAFWYAVRTAVINAASGRQTVDEALKDAQTAKIEEGKLVIWINGDKGYNGLAEVGKKFEKDTGIKVTVEHPDKLEEKFPQVAATGDGPDIIFWAHDRFGGYAQSGLLAEITPDKAFQDKLYPFTWDAVRYNGKLIAYPIAVEALSLIYNKDLLPNPPKTWEEIPALDKELKAKGKSALMFNLQEPYFTWPLIAADGGYAFKYENGKYDIKDVGVDNAGAKAGLTFLVDLIKNKHMNADTDYSIAEAAFNKGETAMTINGPWAWSNIDTSKVNYGVTVLPTFKGQPSKPFVGVLSAGINAASPNKELAKEFLENYLLTDEGLEAVNKDKPLGAVALKSYEEELAKDPRIAATMENAQKGEIMPNIPQMSAFWYAVRTAVINAASGRQTVDEALKDAQTRITK,,2024-02-07
8JBH,nk3r_human,P29371,Class A (Rhodopsin),Tachykinin receptors,2.9,Electron microscopy,Active,Protachykinin-1,A,RPKPQQFFGLM,B,MKTIIALSYIFCLVFAADLEDNWETLNDNLKVIEKADNAAQVKDALTKMRAAALDAQKATPPKLEDKSPDSPEMKDFRHGFDILVGQIDDALKLANEGKVKEAQAAAEQLKTTRNAYIQKYLMATLPAAETWIDGGGGVGADAVNLTASLAAGAATGAVETGWLQLLDQAGNLSSSPSALGLPVASPAPSQPWANLTNQFVQPSWRIALWSLAYGVVVAVAVLGNLIVIWIILAHKRMRTVTNYFLVNLAFSDASMAAFNTLVNFIYALHSEWYFGANYCRFQNFFPITAVFASIYSMTAIAVDRYMAIIDPLKPRLSATATKIVIGSIWILAFLLAFPQCLYSKTKVMPGRTLCFVQWPEGPKQHFTYHIIVIILVYCFPLLIMGITYTIVGITLWGGEIPGDTCDKYHEQLKAKRKVVKMMIIVVMTFAICWLPYHIYFILTAIYQQLNRWKYIQQVYLASFWLAMSSTMYNPIIYCCLNKRFRAGFKRAFRWCPFIKVSSYDELELKTTRFHPVFTLEDFVGDWEQTAAYNLDQVLEQGGVSSLLQNLAVSVTPIQRIVRSGENALKIDIHVIIPYEGLSADQMAQIEEVFKVVYPVDDHHFKVILPYGTLVIDGVTPNMLNYFGRPYEGIAVFDGKKITVTGTLWNGNKIIDERLITPDGSMLFRVTINSGGSENLYFQGGSAGSAAKIEEGKLVIWINGDKGYNGLAEVGKKFEKDTGIKVTVEHPDKLEEKFPQVAATGDGPDIIFWAHDRFGGYAQSGLLAEITPDKAFQDKLYPFTWDAVRYNGKLIAYPIAVEALSLIYNKDLLPNPPKTWEEIPALDKELKAKGKSALMFNLQEPYFTWPLIAADGGYAFKYENGKYDIKDVGVDNAGAKAGLTFLVDLIKNKHMNADTDYSIAEAAFNKGETAMTINGPWAWSNIDTSKVNYGVTVLPTFKGQPSKPFVGVLSAGINAASPNKELAKEFLENYLLTDEGLEAVNKDKPLGAVALKSYEEELAKDPRIAATMENAQKGEIMPNIPQMSAFWYAVRTAVINAASGRQTVDEALKDAQTAKIEEGKLVIWINGDKGYNGLAEVGKKFEKDTGIKVTVEHPDKLEEKFPQVAATGDGPDIIFWAHDRFGGYAQSGLLAEITPDKAFQDKLYPFTWDAVRYNGKLIAYPIAVEALSLIYNKDLLPNPPKTWEEIPALDKELKAKGKSALMFNLQEPYFTWPLIAADGGYAFKYENGKYDIKDVGVDNAGAKAGLTFLVDLIKNKHMNADTDYSIAEAAFNKGETAMTINGPWAWSNIDTSKVNYGVTVLPTFKGQPSKPFVGVLSAGINAASPNKELAKEFLENYLLTDEGLEAVNKDKPLGAVALKSYEEELAKDPRIAATMENAQKGEIMPNIPQMSAFWYAVRTAVINAASGRQTVDEALKDAQTRITK,,2024-02-07
8JBF,nk3r_human,P29371,Class A (Rhodopsin),Tachykinin receptors,3.0,Electron microscopy,Active,senktide,A,DDFFGLMA,B,MATLPAAETWIDGGGGVGADAVNLTASLAAGAATGAVETGWLQLLDQAGNLSSSPSALGLPVASPAPSQPWANLTNQFVQPSWRIALWSLAYGVVVAVAVLGNLIVIWIILAHKRMRTVTNYFLVNLAFSDASMAAFNTLVNFIYALHSEWYFGANYCRFQNFFPITAVFASIYSMTAIAVDRYMAIIDPLKPRLSATATKIVIGSIWILAFLLAFPQCLYSKTKVMPGRTLCFVQWPEGPKQHFTYHIIVIILVYCFPLLIMGITYTIVGITLWGGEIPGDTCDKYHEQLKAKRKVVKMMIIVVMTFAICWLPYHIYFILTAIYQQLNRWKYIQQVYLASFWLAMSSTMYNPIIYCCLNKRFRAGFKRAFRWCPFIKVSSYDELELKTTRFHP,https://dx.doi.org/10.1038/S41421-023-00564-W,2024-02-28
8H0P,nmbr_human,P28336,Class A (Rhodopsin),Bombesin receptors,3.15,Electron microscopy,Active,NMB30,L,NLWATGHFMG,R,MPSKSLSNLSVTTGANESGSVPEGWERDFLPASDGTTTELVIRCVIPSLYLLIITVGLLGNIMLVKIFITNSAMRSVPNIFISNLAAGDLLLLLTCVPVDASRYFFDEWMFGKVGCKLIPVIQLTSVGVSVFTQTALSADRYRAIVNPMDMQTSGALLRTCVKAMGIWVVSVLLAVPEAVFSEVARISSLDNSSFTACIPYPQTDELHPKIHSVLIFLVYFLIPLAIISIYYYHIAKTLIKSAHNLPGEYNEHTKKQMETRKRLAKIVLVFVGCFIFCWFPNHILYMYRSFNYNEIDPSLGHMIVTLVARVLSFGNSCVNPFALYLLSESFRRHFNSQLCCGRKSYQERGTSYLLSSSAVRMTSLKSNAKNMVTNSVLLNGHSMKQEMAL,https://dx.doi.org/10.1038/S41422-022-00743-6,2023-08-09
7W56,nmur1_human,Q9HB89,Class A (Rhodopsin),Neuromedin U receptors,2.9,Electron microscopy,Active,Neuromedin-S,C,ILQRGSGTAAVDFTKKDHTATWGRPFFLFRPRNQ,R,MKTIIALSYIFCLVFADYKDDDDAKLQTMHHHHHHHHHHADLEDNWETLNDNLKVIEKADNAAQVKDALTKMRAAALDAQKATPPKLEDKSPDSPEMKDFRHGFDILVGQIDDALKLANEGKVKEAQAAAEQLKTTRNAYIQKYLASENLYFQGGTMTPLCLNCSVLPGDLYPGGARNPMACNGSAARGHFDPEDLNLTDEALRLKYLGPQQTELFMPICATYLLIFVVGAVGNGLTCLVILRHKAMRTPTNYYLFSLAVSDLLVLLVGLPLELYEMWHNYPFLLGVGGCYFRTLLFEMVCLASVLNVTALSVERYVAVVHPLQARSMVTRAHVRRVLGAVWGLAMLCSLPNTSLHGIRQLHVPCRGPVPDSAVCMLVRPRALYNMVVQTTALLFFCLPMAIMSVLYLLIGLRLRRERLLLMQEAKGRGSAAARSRYTCRLQQHDRGRRQVTKMLFVLVVVFGICWAPFHADRVMWSVVSQWTDGLHLAFQHVHVISGIFFYLGSAANPVLYSLMSSRFRETFQEALCLGACCHRLRPRHSSHSLSRMTTGSTLCDVGSLGSWVHPLAGNDGPEAQQETDPSGSSGGGGSGGGGSSGVFTLEDFVGDWEQTAAYNLDQVLEQGGVSSLLQNLAVSVTPIQRIVRSGENALKIDIHVIIPYEGLSADQMAQIEEVFKVVYPVDDHHFKVILPYGTLVIDGVTPNMLNYFGRPYEGIAVFDGKKITVTGTLWNGNKIIDERLITPDGSMLFRVTINS,https://dx.doi.org/10.1038/S41467-022-29683-W,2022-04-20
7W53,nmur1_human,Q9HB89,Class A (Rhodopsin),Neuromedin U receptors,3.2,Electron microscopy,Active,Neuromedin U-25 (human),C,FRVDEEFQSPFASQSRGYFLFRPRNQ,R,MKTIIALSYIFCLVFADYKDDDDAKLQTMHHHHHHHHHHADLEDNWETLNDNLKVIEKADNAAQVKDALTKMRAAALDAQKATPPKLEDKSPDSPEMKDFRHGFDILVGQIDDALKLANEGKVKEAQAAAEQLKTTRNAYIQKYLASENLYFQGGTMTPLCLNCSVLPGDLYPGGARNPMACNGSAARGHFDPEDLNLTDEALRLKYLGPQQTELFMPICATYLLIFVVGAVGNGLTCLVILRHKAMRTPTNYYLFSLAVSDLLVLLVGLPLELYEMWHNYPFLLGVGGCYFRTLLFEMVCLASVLNVTALSVERYVAVVHPLQARSMVTRAHVRRVLGAVWGLAMLCSLPNTSLHGIRQLHVPCRGPVPDSAVCMLVRPRALYNMVVQTTALLFFCLPMAIMSVLYLLIGLRLRRERLLLMQEAKGRGSAAARSRYTCRLQQHDRGRRQVTKMLFVLVVVFGICWAPFHADRVMWSVVSQWTDGLHLAFQHVHVISGIFFYLGSAANPVLYSLMSSRFRETFQEALCLGACCHRLRPRHSSHSLSRMTTGSTLCDVGSLGSWVHPLAGNDGPEAQQETDPSGSSGGGGSGGGGSSGVFTLEDFVGDWEQTAAYNLDQVLEQGGVSSLLQNLAVSVTPIQRIVRSGENALKIDIHVIIPYEGLSADQMAQIEEVFKVVYPVDDHHFKVILPYGTLVIDGVTPNMLNYFGRPYEGIAVFDGKKITVTGTLWNGNKIIDERLITPDGSMLFRVTINS,,2022-04-20
7W55,nmur2_human,Q9GZQ4,Class A (Rhodopsin),Neuromedin U receptors,2.8,Electron microscopy,Active,Neuromedin U-25 (human),C,FRVDEEFQSPFASQSRGYFLFRPRNQ,R,MKTIIALSYIFCLVFADYKDDDDAKLQTMHHHHHHHHHHADLEDNWETLNDNLKVIEKADNAAQVKDALTKMRAAALDAQKATPPKLEDKSPDSPEMKDFRHGFDILVGQIDDALKLANEGKVKEAQAAAEQLKTTRNAYIQKYLASENLYFQGGTMSGMEKLQNASWIYQQKLEDPFQKHLNSTEEYLAFLCGPRRSHFFLPVSVVYVPIFVVGVIGNVLVCLVILQHQAMKTPTNYYLFSLAVSDLLVLLLGMPLEVYEMWRNYPFLFGPVGCYFKTALFETVCFASILSITTVSVERYVAILHPFRAKLQSTRRRALRILGIVWGFSVLFSLPNTSIHGIKFHYFPNGSLVPGSATCTVIKPMWIYNFIIQVTSFLFYLLPMTVISVLYYLMALRLKKDKSLEADEGNANIQRPCRKSVNKMLFVLVLVFAICWAPFHIDRLFFSFVEEWSESLAAVFNLVHVVSGVFFYLSSAVNPIIYNLLSRRFQAAFQNVISSFHKQWHSQHDPQLPPAQRNIFLTECHFVELTEDIGPQFPCQSSMHNSHLPAALSSEQMSRTNYQSFHFNKT,https://dx.doi.org/10.1038/S41467-022-29683-W,2022-04-20
7W57,nmur2_human,Q9GZQ4,Class A (Rhodopsin),Neuromedin U receptors,3.2,Electron microscopy,Active,Neuromedin-S,C,ILQRGSGTAAVDFTKKDHTATWGRPFFLFRPRNQ,R,MKTIIALSYIFCLVFADYKDDDDAKLQTMHHHHHHHHHHADLEDNWETLNDNLKVIEKADNAAQVKDALTKMRAAALDAQKATPPKLEDKSPDSPEMKDFRHGFDILVGQIDDALKLANEGKVKEAQAAAEQLKTTRNAYIQKYLASENLYFQGGTMSGMEKLQNASWIYQQKLEDPFQKHLNSTEEYLAFLCGPRRSHFFLPVSVVYVPIFVVGVIGNVLVCLVILQHQAMKTPTNYYLFSLAVSDLLVLLLGMPLEVYEMWRNYPFLFGPVGCYFKTALFETVCFASILSITTVSVERYVAILHPFRAKLQSTRRRALRILGIVWGFSVLFSLPNTSIHGIKFHYFPNGSLVPGSATCTVIKPMWIYNFIIQVTSFLFYLLPMTVISVLYYLMALRLKKDKSLEADEGNANIQRPCRKSVNKMLFVLVLVFAICWAPFHIDRLFFSFVEEWSESLAAVFNLVHVVSGVFFYLSSAVNPIIYNLLSRRFQAAFQNVISSFHKQWHSQHDPQLPPAQRNIFLTECHFVELTEDIGPQFPCQSSMHNSHLPAALSSEQMSRTNYQSFHFNKT,https://dx.doi.org/10.1038/S41467-022-29683-W,2022-04-20
7VGX,npy1r_human,P25929,Class A (Rhodopsin),Neuropeptide Y receptors,3.2,Electron microscopy,Active,neuropeptide Y,L,YPSKPDNPGEDAPAEDMARYYSALRHYINLITRQRY,R,DYKDDDDAIDMNSTLFSQVENHSVHSNFSEKNAQLLAFENDDCHLPLAMIFTLALAYGAVIILGVSGNLALIIIILKQKEMRNVTNILIVNLSFSDLLVAIMCLPFTFVYTLMDHWVFGEAMCKLNPFVQCVSITVSIFSLVLIAVERHQLIINPRGWRPNNRHAYVGIAVIWVLAVASSLPFLIYQVMTDEPFQNVTLDAYKDKYVCFDQFPSDSHRLSYTTLLLVLQYFGPLCFIFICYFKIYIRLKRRNNMMDKMRDNKYRSSETKRINIMLLSIVVAFAVCWLPLTIFNTVFDWNHQIIATCNHNLLFLLCHLTAMISTCVNPIFYGFLNKNFQRDLQFFFNFCDFRSRDDDYETIAMSTMHTDVSKTSLKQASPVAFKKINNNDDNEKIASLEVLFQ,https://dx.doi.org/10.1038/S41467-022-28510-6,2022-02-23
7YON,npy2r_human,P49146,Class A (Rhodopsin),Neuropeptide Y receptors,2.95,Electron microscopy,Active,Peptide YY,L,IKPEAPGEDASPEELNRYYASLRHYLNLVTRQRY,R,GPGPIGAEADENQTVEEMKVEQYGPQTTPRGELVPDPEPELIDSTKLIEVQVVLILAYCSIILLGVIGNSLVIHVVIKFKSMRTVTNFFIANLAVADLLVNTLCLPFTLTYTLMGEWKMGPVLCHLVPYAQGLAVQVSTITLTVIALDRYRCIVYHLESKISKRISFLIIGLAWGISALLASPLAIFREYSLIEIIPDFEIVACTEKWPGEEKSIYGTVYSLSSLLILYVLPLGIISFSYTRIWSKLKNHVSPGAANDHYHQRRQKTTKMLVCVVVVFAVCWLPLHAFQLAVDIDSQVLDLKEYKLIFTVFHIIAMCSTFANPLLYGWMNSNYRKAFLSAFRCEQRLDAIHSEVSVTFKAKKNLEVRKNSGPNDSFTEATNVASGLEVLFQ,https://dx.doi.org/10.1016/J.STR.2022.11.010,2023-03-22
7YOO,npy2r_human,P49146,Class A (Rhodopsin),Neuropeptide Y receptors,3.11,Electron microscopy,Active,neuropeptide Y,L,YPSKPDNPGEDAPAEDMARYYSALRHYINLITRQRY,R,GPGPIGAEADENQTVEEMKVEQYGPQTTPRGELVPDPEPELIDSTKLIEVQVVLILAYCSIILLGVIGNSLVIHVVIKFKSMRTVTNFFIANLAVADLLVNTLCLPFTLTYTLMGEWKMGPVLCHLVPYAQGLAVQVSTITLTVIALDRYRCIVYHLESKISKRISFLIIGLAWGISALLASPLAIFREYSLIEIIPDFEIVACTEKWPGEEKSIYGTVYSLSSLLILYVLPLGIISFSYTRIWSKLKNHVSPGAANDHYHQRRQKTTKMLVCVVVVFAVCWLPLHAFQLAVDIDSQVLDLKEYKLIFTVFHIIAMCSTFANPLLYGWMNSNYRKAFLSAFRCEQRLDAIHSEVSVTFKAKKNLEVRKNSGPNDSFTEATNVASGLEVLFQ,https://dx.doi.org/10.1016/J.STR.2022.11.010,2023-03-22
7X9C,npy4r_human,P50391,Class A (Rhodopsin),Neuropeptide Y receptors,3.0,Electron microscopy,Active,Pancreatic polypeptide,P,APLEPVYPGDNATPEQMAQYAADLRRYINMLTRPRY,R,MNTSHLLALLLPKSPQGENRSKPLGTPYNFSEHCQDSVDVMVFIVTSYSIETVVGVLGNLCLMCVTVRQKEKANVTNLLIANLAFSDFLMCLLCQPLTAVYTIMDYWIFGETLCKMSAFIQCMSVTVSILSLVLVALERHQLIINPTGWKPSISQAYLGIVLIWVIACVLSLPFLANSILENVFHKNHSKALEFLADKVVCTESWPLAHHRTIYTTFLLLFQYCLPLGFILVCYARIYRRLQRQGRVFHKGTYSLRAGHMKQVNVVLVVMVVAFAVLWLPLHVFNSLEDWHHEAIPICHGNLIFLVCHLLAMASTCVNPFIYGFLNTNFKKEIKALVLTCQQEFLEVLFQGPWSHPQFEKGGGSGGGSGGSAWSHPQFEK,https://dx.doi.org/10.1126/SCIADV.ABM1232,2022-05-18
8F7W,oprk_human,P41145,Class A (Rhodopsin),Opioid receptors,3.19,Electron microscopy,Active,dynorphin A-(1-8),P,YGGFLRRI,R,SPIQIFRGEPGPTCAPSACLPPNSSAWFPGWAEPDSNGSAGSEDAQLEPAHISPAIPVIITAVYSVVFVVGLVGNSLVMFVIIRYTKMKTATNIYIFNLALADALVTTTMPFQSTVYLMNSWPFGDVLCKIVISIDYYNMFTSIFTLTMMSVDRYIAVCHPVKALDFRTPLKAKIINICIWLLSSSVGISAIVLGGTKVREDVDVIECSLQFPDDDYSWWDLFMKICVFIFAFVIPVLIIIVCYTLMILRLKSVRLLSGSREKDRNLRRITRLVLVVVAVFVVCWTPIHIFILVEALGSTSHSTAALSSYYFCIALGYTNSSLNPILYAFLDENFKRCFRDFCFPLKMRMERQSTSRVRNTVQDPAYLRDIDGMNKPV,https://dx.doi.org/10.1016/J.CELL.2022.12.026,2022-12-14
8K9K,oprm_human,P35372,Class A (Rhodopsin),Opioid receptors,2.98,Electron microscopy,Active,DAMGO,S,YAGF,R,CLVFADYKDDDDALEVLFQGPMADLEDNWETLNDNLKVIEKADNAAQVKDALTKMRAAALDAQKATPPKLEDKSPDSPEMKDFRHGFDILVGQIDDALKLANEGKVKEAQAAAEQLKTTRNAYIQKYLGGSPGARSASSPSMITAITIMALYSIVCVVGLFGNFLVMYVIVRYTKMKTATNIYIFNLALADALATSTLPFQSVNYLMGTWPFGTILCKIVISIDYYNMFTSIWTLCTMSVDRYIAVCHPVKALDFRTPRNAKIINVCNWILSSAIGLPVMFMATTKYRQGSIDCTLTFSHPTWYWENLLKICVFIFAFIMPVLIITVCYGLMILRLKSVRMLSGSKEKDRNLRRITRMVLVVVAVFIVCWTPIHIYVIIKALVTIPETTFQTVSWHFCIALGYTNSCLNPVLYAFLDENFKRCFREFCIPTSSNIEQLEVLFQGPHHHHHHHH,https://dx.doi.org/10.1038/S41467-024-47792-6,2024-05-29
8F7Q,oprm_human,P35372,Class A (Rhodopsin),Opioid receptors,3.22,Electron microscopy,Active,&beta;-endorphin,P,YGGFMTSEKSQTPLVTLFKNAIIKNAYKKGE,R,DYKDDDDVDSSAAPTNASNCTDALAYSSCSPAPSPGSWVNLSHLDGNLSDPCGPNRTDLGGRDSLCPPTGSPSMITAITIMALYSIVCVVGLFGNFLVMYVIVRYTKMKTATNIYIFNLALADALATSTLPFQSVNYLMGTWPFGTILCKIVISIDYYNMFTSIWTLCTMSVDRYIAVCHPVKALDFRTPRNAKIINVCNWILSSAIGLPVMFMATTKYRQGSIDCTLTFSHPTWYWENLLKICVFIFAFIMPVLIITVCYGLMILRLKSVRMLSGSKEKDRNLRRITRMVLVVVAVFIVCWTPIHIYVIIKALVTIPETTFQTVSWHFCIALGYTNSCLNPVLYAFLDENFKRCFREFCIPTSSNIEQQNSTRIRQNTRDHPSTANTVDRTNHQHHHHHHHH,https://dx.doi.org/10.1016/J.CELL.2022.12.026,2022-12-14
8F7R,oprm_human,P35372,Class A (Rhodopsin),Opioid receptors,3.28,Electron microscopy,Active,endomorphin-1,P,YPWF,R,DYKDDDDVDSSAAPTNASNCTDALAYSSCSPAPSPGSWVNLSHLDGNLSDPCGPNRTDLGGRDSLCPPTGSPSMITAITIMALYSIVCVVGLFGNFLVMYVIVRYTKMKTATNIYIFNLALADALATSTLPFQSVNYLMGTWPFGTILCKIVISIDYYNMFTSIFTLCTMSVDRYIAVCHPVKALDFRTPRNAKIINVCNWILSSAIGLPVMFMATTKYRQGSIDCTLTFSHPTWYWENLLKICVFIFAFIMPVLIITVCYGLMILRLKSVRMLSGSKEKDRNLRRITRMVLVVVAVFIVCWTPIHIYVIIKALVTIPETTFQTVSWHFCIALGYTNSCLNPVLYAFLDENFKRCFREFCIPTSSNIEQQNSTRIRQNTRDHPSTANTVDRTNHQHHHHHHHH,https://dx.doi.org/10.1016/J.CELL.2022.12.026,2022-12-14
8F7X,oprx_human,P41146,Class A (Rhodopsin),Opioid receptors,3.28,Electron microscopy,Active,nociceptin/orphanin FQ,P,FGGFTGARKSARKL,R,EPLFPAPFWEVIYGSHLQGNLSLLSPNHSLLPPHLLLNASHGAFLPLGLKVTIVGLYLAVCVGGLLGNCLVMYVILRHTKMKTATNIYIFNLALADTLVLLTLPFQGTDILLGFWPFGNALCKTVIAIDYYNMFTSTFTLTAMSVDRYVAICHPIRALDVRTSSKAQAVNVAIWALASVVGVPVAIMGSAQVEDEEIECLVEIPTPQDYWGPVFAICIFLFSFIVPVLVISVCYSLMIRRLRGVRLLSGSREKDRNLRRITRLVLVVVAVFVGCWTPVQVFVLAQGLGVQPSSETAVAILRFCTALGYVNSCLNPILYAFLDENFKACFRKFCCASALRRDVQVSDRVRSIAKDVALACKTSETVPRPA,https://dx.doi.org/10.1016/J.CELL.2022.12.026,2022-12-14
7RYC,oxyr_human,P30559,Class A (Rhodopsin),Vasopressin and oxytocin receptors,2.9,Electron microscopy,Active,oxytocin,L,CYIQNCPLG,O,MKTIIALSYIFCLVFADYKDDDDAMGQPGNGSAFLLAPNRSHAPDHDVENLYFQGMEGALAANWSAEAANASAAPPGAEGNRTAGPPRRNEALARVEVAVLCLILLLALSGNACVLLALRTTRQKHSRLFFFMKHLSIADLVVAVFQVLPQLLWDITFRFYGPDLLCRLVKYLQVVGMFASTYLLLLMSLDRCLAICQPLRSLRRRTDRLAVLATWLGCLVASAPQVHIFSLREVADGVFDCWAVFIQPWGPKAYITWITLAVYIVPVIVLAACYGLISFKIWQNLRLKTAAAAAAEAPEGAAAGDGGRVALARVSSVKLISKAKIRTVKMTFIIVLAFIVCWTPFFFVQMWSVWDANAPKEASAFIIVMLLASLNSCCNPWIYMLFTGHLFHELVQRFLCCSASYLKGRRLGETSASKKSNSSSFVLSHRSSSQRSCSQPSTALEVLFQ,https://dx.doi.org/10.1038/S41594-022-00728-4,2022-03-09
8ZPT,prlhr_human,P49683,Class A (Rhodopsin),Prolactin-releasing peptide receptors,2.96,Electron microscopy,Active,Prolactin-releasing peptide PrRP20,L,TPDINPAWYASRGIRPVGRF,R,MASSTTRGPRVSDLFSGLPPAVTTPANQSAEASAGNGSVAGADAPAVTPFQSLQLVHQLKGLIVLLYSVVVVVGLVGNCLLVLVIARVRRLHNVTNFLIGNLALSDVLMCTACVPLTLAYAFEPRGWVFGGGLCHLVFFLQPVTVYVSVFTLTTIAVDRYVVLVHPLRRRISLRLSAYAVLAIWALSAVLALPAAVHTYHVELKPHDVRLCEEFWGSQERQRQLYAWGLLLVTYLLPLLVILLSYVRVSVKLRNRVVPGCVTQSQADWDRARRRRTFCLLVVIVVVFAVCWLPLHVFNLLRDLDPHAIDPYAFGLVQLLCHWLAMSSACYNPFIYAWLHDSFREELRKLLVAWPRKIAPHGQNMTVSVVI,https://dx.doi.org/10.1038/S41421-024-00724-6,2024-09-25
8WZ2,qrfpr_human,Q96P65,Class A (Rhodopsin),Peptide P518 receptors,2.73,Electron microscopy,Active,Orexigenic neuropeptide QRFP,L,ASGPLGTLAEELSSYSRRKGGFSFRFG,R,MQALNITPEQFSRLLRDHNLTREQFIALYRLRPLVYTPELPGRAKLALVLTGVLIFALALFGNALVFYVVTRSKAMRTVTNIFICSLALSDLLITFFCIPVTMLQNISDNWLGGAFICKMVPFVQSTAVVTEILTMTCIAVERHQGLVHPFKMKWQYTNRRAFTMLGVVWLVAVIVGSPMWHVQQLEIKYDFLYEKEHICCLEEWTSPVHQKIYTTFILVILFLLPLMVMLILYSKIGYELWIKKRVGDGSVLRTIHGKEMSKIARKKKRAVIMMVTVVALFAVCWAPFHVVHMMIEYSNFEKEYDDVTIKMIFAIVQIIGFSNSICNPIVYAFMNENFKKNVLSAVCYCIVNKTFSPAQRHGNSGITMMRKKAKFSLRENPVEETKGEAFSDGNIEVKLCEQTEEKKKLKRHLALFRSELAENSPLDSGH,https://dx.doi.org/10.1038/S41421-024-00670-3,2024-06-19
8ZH8,qrfpr_human,Q96P65,Class A (Rhodopsin),Peptide P518 receptors,3.19,Electron microscopy,Active,QRF-amide,Q,TSGPLGNLAEELNGYSRKKGGFSFRF,R,MKTIIALSYIFCLVFADYKDDDDKQALNITPEQFSRLLRDHNLTREQFIALYRLRPLVYTPELPGRAKLALVLTGVLIFALALFGNALVFYVVTRSKAMRTVTNIFICSLALSDLLITFFCIPVTMLQNISDNWLGGAFICKMVPFVQSTAVVTEILTMTCIAVERHQGLVHPFKMKWQYTNRRAFTMLGVVWLVAVIVGSPMWHVQQLEIKYDFLYEKEHICCLEEWTSPVHQKIYTTFILVILFLLPLMVMLILYSKIGYELWIKKRVGDGSVLRTIHGKEMSKIARKKKRAVIMMVTVVALFAVCWAPFHVVHMMIEYSNFEKEYDDVTIKMIFAIVQIIGFSNSICNPIVYAFMNENFKKNVLSAVCYCIVNKTFSPAQRHGNSGSGGGGSGGSSSGG,https://dx.doi.org/10.1038/S41467-024-49030-5,2024-07-03
7T10,ssr2_human,P30874,Class A (Rhodopsin),Somatostatin receptors,2.5,Electron microscopy,Active,SOMATOSTATIN,P,AGCKNFFWKTFTSC,R,DYKDDDDAMGQPGNGSAFLLAPNRSHAPDHDVENLYFQGMDMADEPLNGSHTWLSIPFDLNGSVVSTNTSNQTEPYYDLTSNAVLTFIYFVVCIIGLCGNTLVIYVILRYAKMKTITNIYILNLAIADELFMLGLPFLAMQVALVHWPFGKAICRVVMTVDGINQFTSIFCLTVMSIDRYLAVVHPIKSAKWRRPRTAKMITMAVWGVSLLVILPIMIYAGLRSNQWGRSSCTINWPGESGAWYTGFIIYTFILGFLVPLTIICLCYLFIIIKVKSVRLLSGSREKDRNLRKVTRMVSIVVAVFIFCWLPFYIFNVSSVSMAISPTPALKGMFDFVVVLTYANSCANPILYAFLSDNFKKSFQNVLCLVKVSGTDDGERSDSKQDKSRLNETTETQRTLLNGDLQTSI,https://dx.doi.org/10.1038/S41594-022-00727-5,2022-03-09
7T11,ssr2_human,P30874,Class A (Rhodopsin),Somatostatin receptors,2.7,Electron microscopy,Active,Octreotide,P,FCFWKTC,R,DYKDDDDAMGQPGNGSAFLLAPNRSHAPDHDVENLYFQGMDMADEPLNGSHTWLSIPFDLNGSVVSTNTSNQTEPYYDLTSNAVLTFIYFVVCIIGLCGNTLVIYVILRYAKMKTITNIYILNLAIADELFMLGLPFLAMQVALVHWPFGKAICRVVMTVDGINQFTSIFCLTVMSIDRYLAVVHPIKSAKWRRPRTAKMITMAVWGVSLLVILPIMIYAGLRSNQWGRSSCTINWPGESGAWYTGFIIYTFILGFLVPLTIICLCYLFIIIKVKSVRLLSGSREKDRNLRKVTRMVSIVVAVFIFCWLPFYIFNVSSVSMAISPTPALKGMFDFVVVLTYANSCANPILYAFLSDNFKKSFQNVLCLVKVSGTDDGERSDSKQDKSRLNETTETQRTLLNGDLQTSI,https://dx.doi.org/10.1038/S41594-022-00727-5,2022-03-09
7XMS,ssr4_human,P31391,Class A (Rhodopsin),Somatostatin receptors,2.9,Electron microscopy,Active,SOMATOSTATIN,L,AGCKNFFWKTFTSC,R,DYKDDDDGAPSAPSTLPPGGEEGLGTAWPSAANASSAPAEAEEAVAGPGDARAAGMVAIQCIYALVCLVGLVGNALVIFVILRYAKMKTATNIYLLNLAVADELFMLSVPFVASSAALRHWPFGSVLCRAVLSVDGLNMFTSVFCLTVLSVDRYVAVVHPLRAATYRRPSVAKLINLGVWLASLLVTLPIAIFADTRPARGGQAVACNLQWPHPAWSAVFVVYTFLLGFLLPVLAIGLCYLLIVGKMRAVALRAGWQQRRRSEKKITRLVLMFVVVFVLCWMPFYVVQLLNLFVTSLDATVNHVSLILSYANSCANPILYGFLSDNFRRFFQRVLCLEFLEVLFQGPWSHPQFEKGGGSGGGSGGSAWSHPQFEK,https://dx.doi.org/10.1038/S41422-022-00679-X,2022-08-03
8X8L,ssr5_human,P35346,Class A (Rhodopsin),Somatostatin receptors,2.7,Electron microscopy,Active,Cortistatin,C,DRMPCRNFFWKTFSSCK,R,MEPLFPASTPSWNASSPGAASGGGDNRTLVGPAPSAGARAVLVPVLYLLVCAAGLGGNTLVIYVVLRFAKMKTVTNIYILNLAVADVLYMLGLPFLATQNAASFWPFGPVLCRLVMTLDGVNQFTSVFCLTVMSVDRYLAVVHPLSSARWRRPRVAKLASAAAWVLSLCMSLPLLVFADVQEGGTCNASWPEPVGLWGAVFIIYTAVLGFFAPLLVICLCYLLIVVKVRAAGVRVGCVRRRSERKVTRMVLVLVLVFAGCWLPFFTVNIVNLAVALPQEPASAGLYFFVVILSYANSCANPVLYGFLSDNFRQSFQKVLCLRKGSGAKDADATEPRPDRIRQQQEATPPAHRAAANGLMQTSKL,,2024-06-12
8X8N,ssr5_human,P35346,Class A (Rhodopsin),Somatostatin receptors,2.9,Electron microscopy,Active,Octreotide,C,FCFWKTCT,R,MEPLFPASTPSWNASSPGAASGGGDNRTLVGPAPSAGARAVLVPVLYLLVCAAGLGGNTLVIYVVLRFAKMKTVTNIYILNLAVADVLYMLGLPFLATQNAASFWPFGPVLCRLVMTLDGVNQFTSVFCLTVMSVDRYLAVVHPLSSARWRRPRVAKLASAAAWVLSLCMSLPLLVFADVQEGGTCNASWPEPVGLWGAVFIIYTAVLGFFAPLLVICLCYLLIVVKVRAAGVRVGCVRRRSERKVTRMVLVLVLVFAGCWLPFFTVNIVNLAVALPQEPASAGLYFFVVILSYANSCANPVLYGFLSDNFRQSFQKVLCLRKGSGAKDADATEPRPDRIRQQQEATPPAHRAAANGLMQTSKL,,2024-06-12
7VQX,vipr2_human,P41587,Class B1 (Secretin),VIP and PACAP receptors,2.74,Electron microscopy,Active,PACAP-27,L,HSDGIFTDSYSRYRKQMAVKKYLAAVL,R,ECRFHLEIQEEETKCAELLRSQTEKHKACSGVWDNITCWRPANVGETVTVPCPKVFSNFYSKAGNISKNCTSDGWSETFPDFVDACGYSDPEDESKITFYILVKAIYTLGYSVSLMSLATGSIILCLFRKLHCTRNYIHLNLFLSFILRAISVLVKDDVLYSSSGTLHCPDQPSSWVGCKLSLVFLQYCIMANFFWLLVEGLYLHTLLVAMLPPRRCFLAYLLIGWGLPTVCIGAWTAARLYLEDTGCWDTNDHSVPWWVIRIPILISIIVNFVLFISIIRILLQKLTSPDVGGNDQSQYKRLAKSTLLLIPLFGVHYMVFAVFPISISSKYQILFELCLGSFQGLVVAVLYCFLNSEVQCELKRKWRSRCPTPSASRDYRVCGSSFSRNGSEGALQFHRGSRAQSFLQTETSVIVFTLEDFVGDWEQTAAYNLDQVLEQGGVSSLLQNLAVSVTPIQRIVRSGENALKIDIHVIIPYEGLSADQMAQIEEVFKVVYPVDDHHFKVILPYGTLVIDGVTPNMLNYFGRPYEGIAVFDGKKITVTGTLWNGNKIIDERLITPDGSMLFRVTINS,https://dx.doi.org/10.1038/S41467-022-30041-Z,2022-05-18
